product_id,name,category,price,stock
c6deb655-2f55-4fb6-8c6a-5ee7f738ebfe,Calça Jeans 962,moda,212.83,119
142ef1dc-c37d-4a8f-b1be-eea84c0307d9,Cadeira 484,casa,414.72,48
b70044b0-8ec1-481d-8be2-4829315ccbff,Liquidificador 539,casa,120.89,54
80973b8a-5910-4d04-bf16-ecaf6758d5f1,Liquidificador 973,casa,312.69,19
7439e113-586f-4741-ab6f-92381bd35941,Boné 970,moda,55.51,97
e886c87d-7ec8-40f6-babb-4fdd24e34e5e,Romance 785,livros,32.45,72
6962e990-c062-4118-8b7d-b2089eb30b56,Skate 889,esportes,,102
c3183091-b85e-4d85-a6af-6c69f1cfabb8,Jaqueta 823,moda,171.65,39
ab7ecf07-804d-4480-bd4d-6a5dc5d10892,Liquidificador 859,casa,293.7,136
24b1ef11-2bb9-48d3-8c36-7f4324394332,Cadeira 335,casa,480.56,101
b98841f5-6eaa-4c01-8a0e-b4b34f4b1306,Smart TV 179,eletrônicos,4636.5,146
07fb82cb-a3be-4630-a5ce-946e37f7675b,Smart TV 847,eletrônicos,3620.67,33
edf5086a-496c-46f4-b86a-8410702f6cd2,Sofá 634,casa,2179.51,46
de7d0852-38a5-4e46-bf18-62f41a53b85e,Camiseta 920,moda,73.62,7
187f34a5-d76f-445e-8c4d-e5b8fe528276,Livro Técnico 482,livros,107.32,110
c40af4f0-676b-433b-8f5f-f54d27ec82b6,Autoajuda 630,livros,,40
4a011657-cb38-4577-924d-4c2e1ad15364,Caixa de Som 549,eletrônicos,756.78,40
e23f70d5-c4fc-4744-9de8-c506f3ac5e79,Notebook 867,eletrônicos,2320.17,130
23a101b9-0b97-4d16-a88b-5ee63ea298b3,Smart TV 453,eletrônicos,2047.61,102
9e005c1e-009a-4d04-9425-afa195c5a9e2,Fone Bluetooth 663,eletrônicos,261.91,11
7420ee7e-0d3b-4db0-b8a7-77f5a1981f6e,Panela 556,casa,,100
b8fb4cd5-97eb-46b4-bbdd-224d15c2ff1c,Smartphone 215,eletrônicos,1869.13,123
e9798082-7f45-4de6-a227-736b6998f695,Mochila 991,esportes,249.23,33
1c359a76-516b-4a0c-8e5a-c4588f74d37b,Notebook 473,eletrônicos,3316.05,131
d4788de2-ef3c-4ac0-8368-c9e01cc00a86,Panela 858,casa,228.32,3
1c15363c-b025-4378-a089-4dad7187f9f7,Lâmpada 290,casa,28.41,97
92ade4fd-72e8-44e3-b9fb-f2b3146bbb1a,Tênis 531,moda,217.75,16
3ad495dd-469c-4e5a-9868-835646afc1eb,Camiseta 487,moda,119.13,126
a58e2cc1-4985-48fb-8c70-082aed8b69da,Fone Bluetooth 751,eletrônicos,772.14,117
0c644fb0-837e-464f-8053-5d81be73aee5,Jaqueta 527,moda,204.77,66
49b6b449-359c-4e28-96c1-ab7d819ba7d1,Panela 692,casa,235.19,19
2e1a2fca-8c71-48d9-acef-bf31948f5750,Bicicleta 628,esportes,920.73,3
0e2b39a8-b52d-4801-8e71-a2a7e2040b7f,Tênis de Corrida 362,esportes,200.94,6
8129eeca-9e23-4695-88b6-89e9f3a4caf4,Camiseta 260,moda,93.42,17
9fba8f78-0c78-42fb-bf60-b63330490174,Panela 719,casa,136.3,82
4ff48dd9-9738-4a54-a1cf-eb6baf0aed7f,Caixa de Som 792,eletrônicos,,67
916a6299-0d62-4259-b543-508f7efca8fb,Liquidificador 663,casa,300.19,17
7babe997-9f2d-43b3-9581-645ca17ee507,Autoajuda 298,livros,79.76,21
49c18039-07f0-4f7f-b979-755c4db5e899,Tênis de Corrida 901,esportes,297.05,29
517fa5a1-810b-45bf-99e5-78d0d1c3244e,Calça Jeans 300,moda,171.57,65
79a408ef-011b-4106-ac85-acbe23918572,Cadeira 526,casa,160.48,146
3fdadaec-b9ef-4644-bcfa-ef1030407ea2,Bola 960,esportes,,132
28dda640-09b1-4a6d-9025-c88abe343aa4,Livro Técnico 984,livros,118.14,1
268d40cb-f7a5-4064-a821-97146444a44f,Calça Jeans 121,moda,162.11,55
eafe59dd-a29e-4081-a3be-373a1d945469,Jaqueta 244,moda,251.94,45
a01c6e66-ab0c-46f7-9909-50efc580203b,Smart TV 131,eletrônicos,1594.25,90
4ed59ce3-e9a0-4384-96ea-2a7288a3a316,Liquidificador 919,casa,,34
91c02cd8-cd20-4913-8a1f-d4faf030dbc5,Jaqueta 399,moda,116.53,21
44eb1936-4e1f-472f-8f0a-5aea6009cabc,Liquidificador 156,casa,138.03,79
898abca9-b61c-4c4f-b775-f1aabb7063fa,Lâmpada 541,casa,60.8,150
ee226662-1b52-429a-9948-298b22037cda,Mochila 147,esportes,150.07,76
ae23073a-e378-40c8-a746-f59b072486c6,Livro Técnico 653,livros,178.51,145
a6cf2bdb-baa0-4606-a7fc-4d96f3aa6237,Lâmpada 785,casa,28.45,99
7755046a-b6fc-4605-90b1-7ebdd0bd3d83,Smartphone 621,eletrônicos,3546.65,132
1a3b42eb-a881-4522-abab-fde5e1b253a2,Liquidificador 842,casa,302.01,84
ef042ae0-8b7f-4756-9a4c-d6a6058862c8,Cadeira 786,casa,513.02,17
1ef65505-ff30-4f95-a00a-ac22e009a686,Cadeira 515,casa,269.81,34
bf0a7fb8-f3ee-4728-9c85-8c51115ab45a,Camiseta 840,moda,114.2,8
4d579efd-7fe7-4100-971f-a2e06ccd10eb,Calça Jeans 101,moda,84.39,13
73ae0602-7341-4674-80f9-503514494ec4,Mochila 114,esportes,244.43,14
ca2a6f4d-2991-44b6-b75d-16d169c4de83,Caixa de Som 740,eletrônicos,989.05,138
55bf02cc-e5b4-4532-b6d2-9ff517b71d19,Camiseta 594,moda,49.43,18
c43e365b-3550-4397-b729-3751b17303bb,Infantil 860,livros,25.58,85
268d3002-a227-4e77-8523-06993f9bd8a6,Mochila 480,esportes,298.67,53
ebb3ac9f-ef2b-4bc5-a9d1-8d5d4ac66011,Romance 932,livros,47.31,4
12a3e6b3-9ec0-454d-99ea-d77818bb21d0,Infantil 125,livros,41.35,113
3493d641-7b11-4a33-9bb1-3ef8938eae82,Jaqueta 843,moda,233.79,86
06f1b25f-ce37-46db-a792-12c7bc9082f8,Boné 212,moda,,77
4d845347-83a7-4276-814b-4fd4db2f3184,Fone Bluetooth 849,eletrônicos,743.85,132
7b12e2f5-9f98-4cd0-87be-dc7ac0dd7379,História 818,livros,58.61,83
6de0b171-1b52-449e-84d4-6dca737a7dd7,Tênis de Corrida 909,esportes,584.13,100
638118b5-b5a1-42ac-9221-0102add636ae,Cadeira 355,casa,263.8,107
1ef0c911-0f15-4a5d-8207-fda5d4f61d05,Bola 435,esportes,125.52,45
0ec2747a-7178-4c7b-8f69-21dab0557057,Calça Jeans 740,moda,214.34,111
fb7180f2-c346-4366-965e-25a251151c33,Autoajuda 595,livros,57.06,21
2106fbdb-4ab1-4415-88cf-273efb45ba69,Skate 980,esportes,753.54,140
be7c73eb-b197-46b9-ae65-eb0ae06e00f1,Tênis 408,moda,173.92,49
d2bf5ea9-34f2-4497-ab72-1d875c12e032,Tênis de Corrida 271,esportes,264.9,85
eb74460d-15d8-4b88-acd8-6778fbd848c1,Panela 478,casa,162.44,23
3e23e095-14cf-46f9-9ff7-328e33c783dc,Infantil 352,livros,37.0,91
178b84d2-a6b4-40ca-be2e-00e7fc69535d,Sofá 502,casa,2889.84,45
daee53ce-45a8-4eb4-a669-31264b77aeba,Sofá 988,casa,1059.09,145
0e3c4261-9e5a-4be5-ae72-d1d1edf96aae,Romance 504,livros,68.21,33
7a6b9ecf-6243-4ec1-b60b-58113665e01f,História 528,livros,59.1,6
db44cac6-c17c-4785-aa26-afa1b9045b75,História 371,livros,55.5,63
a1a6f5ba-5975-4459-844d-f1035f3e56c8,Jaqueta 630,moda,162.76,83
e96bf6cf-4317-4b0d-b071-3374a49084fa,Lâmpada 358,casa,24.95,26
7f7f3682-9840-4829-8737-3139a3818389,Calça Jeans 328,moda,157.64,38
d1498dde-ee30-4e9e-8542-2379b1741011,Calça Jeans 116,moda,134.44,34
056ea78c-f40c-4dec-b397-8250bed6e45d,Infantil 585,livros,54.75,140
71822669-a408-4232-8b40-9e8dfd272c4d,Romance 126,livros,32.07,139
3288e5f9-c623-4555-89ae-74151644ee2b,Camiseta 502,moda,109.69,116
1d1cdbbd-7f4c-477f-b966-77a1e73fc1fe,Sofá 131,casa,1690.4,136
b929c0de-d73f-4a9f-a04c-7c6dd9338729,Bola 255,esportes,101.58,75
0d45eb46-53de-409c-8794-c7c0cc2ba862,Infantil 240,livros,43.52,39
feec125e-c305-4fa8-a9cc-aa5fac0cd96f,Sofá 215,casa,1462.09,88
466e94b6-5339-49d0-82d0-e1c218833318,Smart TV 532,eletrônicos,1605.16,49
6d1e145d-29cc-42f3-8f0f-9800bde65e12,Caixa de Som 994,eletrônicos,437.52,18
24077a96-cc62-4db5-90de-fae314a3ed8e,Camiseta 703,moda,52.8,24
9b8f2e41-ed6a-46e1-a661-347908e46c4f,Jaqueta 772,moda,367.61,139
bf1cbe59-073b-409e-b259-368369abbf77,Sofá 389,casa,1233.93,142
d0204878-c8a0-44f7-a287-bf96718d15f1,Cadeira 504,casa,540.07,33
518bd869-855e-4133-8956-5c8e519f40dd,Mochila 747,esportes,-203.95,75
9264ce2a-8181-404c-aba5-a8742bd4963f,História 825,livros,85.24,35
b9abdf1d-ae53-4cd1-80c9-cfd87153e74f,Notebook 659,eletrônicos,5722.53,34
a829fa57-68da-4444-a746-fbf2df74461b,Calça Jeans 982,moda,198.89,71
7b83b50c-0dcf-48fa-9900-ab5f49e69aeb,Cadeira 639,casa,,42
f2025ef7-b39f-4d33-8412-07c002820bbe,Lâmpada 473,casa,18.11,115
4d8031bf-0cbc-454c-b6a1-4550eb4b2530,Bola 462,esportes,165.42,131
79bc14fd-5989-494c-a246-b991d928ce23,Tênis de Corrida 825,esportes,599.98,23
abc3775d-0911-4616-b96f-214d6ee66efe,Skate 790,esportes,388.72,133
687f6527-38dc-45bc-b21d-3bec3d2c8182,Calça Jeans 434,moda,126.72,5
6d86b353-83e7-4563-b141-702985bf4949,História 191,livros,119.35,7
61125d22-9103-4255-88bb-454f30848b9b,Skate 867,esportes,363.94,59
e509f872-5ef8-4fe0-917a-ab96b3c8e7e4,Bicicleta 456,esportes,,132
e20848e2-b9b2-4b18-85d3-b358706d5beb,Liquidificador 337,casa,227.39,95
ac4d3a74-5cdb-4788-8f03-631d5a5764c4,Calça Jeans 133,moda,81.74,47
140e02ce-0ada-4e6a-98be-f0490cec1097,Liquidificador 934,casa,286.52,112
55d483ef-1714-4faf-a5dc-22584931dce1,Autoajuda 900,livros,48.13,12
01fd9c91-2243-4a52-88c5-94376f73308a,Mochila 751,esportes,,93
1228622a-acf2-4538-ab16-392690f54c31,Romance 884,livros,71.0,6
4abc5de1-fb50-4079-b54f-1247ed03916a,Notebook 219,eletrônicos,6659.45,148
064f82d9-d043-412e-9f59-3fdad793e7e6,Liquidificador 423,casa,176.54,91
cd5fbc45-3118-4339-aac4-b249ba021821,História 355,livros,70.68,34
a3a33483-0172-4f59-9b07-5e924cca9220,Jaqueta 511,moda,392.13,37
07f7f94a-3f69-4a75-af68-e5ff47c5af80,Bicicleta 976,esportes,2325.64,134
cbc46786-0f01-42eb-9c79-2a5ad99f3524,Caixa de Som 287,eletrônicos,819.96,12
63ae71f0-e06c-4a58-b066-1b3d4c875781,Romance 937,livros,35.4,43
f1d20972-abe3-44cb-baa8-341759f3e2ac,Smartphone 378,eletrônicos,4242.42,57
a5948f32-e27c-40b7-8d91-db4d6d39d894,História 217,livros,44.25,90
60b9f067-f43f-464e-87f4-d47145f22948,Skate 636,esportes,720.59,146
a4b11145-2128-42df-ac35-7d8d1b29cf4b,Tênis de Corrida 580,esportes,535.93,81
117527ca-9519-4f0e-b542-cf53af74e238,Notebook 886,eletrônicos,2594.42,118
9437dc0e-b9d6-4238-86b0-4fe4192a0d2b,Tênis de Corrida 357,esportes,375.41,132
b3a26289-eae9-43f0-abf7-222485e9b8f8,Liquidificador 963,casa,390.75,54
810115ce-1362-4e5e-a111-6c4b986c4361,Jaqueta 744,moda,370.45,52
ee166807-4a57-4de0-89e9-83101f08d2b3,Smartphone 115,eletrônicos,4254.04,108
e6871db7-b4a6-499a-9383-137dbbe8e3dd,Lâmpada 200,casa,49.66,46
a2db6a39-87e0-477a-b43e-0d6ca293ea3e,Liquidificador 532,casa,144.91,36
5800b07d-3fd5-4786-8970-c1854d4e5d68,Tênis 432,moda,165.94,128
7b256476-a5f0-4ae1-8c3a-80e077ada40f,Livro Técnico 963,livros,141.94,45
629fea22-ac40-4d1b-81f9-92ec22c4f80d,Bicicleta 855,esportes,1214.1,19
382c9412-3dc9-4cd4-835f-d9bad999720f,Liquidificador 785,casa,187.03,88
a1b7d293-e3b1-4457-b218-0cb2eec6a147,Sofá 681,casa,1102.78,51
55c79c43-6252-4986-90ca-0a75deef0009,Bicicleta 955,esportes,1436.46,61
d8a987ff-d6b4-47c0-94ef-2e1b6ed36532,Tênis 304,moda,570.68,120
c3a4e4e1-fcf5-4cf3-9b68-4c45df90c5a4,Sofá 205,casa,2183.88,31
7ec6f71b-e220-4104-8a87-c26bac0fdf41,Romance 611,livros,67.58,137
f8c60eb4-af48-4978-80da-8e61ebc980e8,Autoajuda 242,livros,78.65,51
2bf9e422-784b-4d07-9853-d70f3ceaf5d2,Notebook 577,eletrônicos,-3934.07,79
550940b9-7d80-48d3-ac81-9c69691ab513,História 681,livros,-61.54,68
bfaef7a0-40df-4a23-8346-90470f8ca97a,Autoajuda 251,livros,44.96,34
5b7440fb-d33b-402b-a7a6-43edbd8d237f,Sofá 404,casa,1163.5,3
c60cba81-c4d4-4255-8ca9-8c5fbfed9ba0,Smartphone 584,eletrônicos,-1299.09,129
b674fecd-e3ec-492b-bca0-e0b129b0ce06,Lâmpada 157,casa,42.99,144
d08b2401-1705-42ff-9e47-5fd753ebbcbe,Caixa de Som 381,eletrônicos,231.51,56
8218c0a7-6545-4e98-9461-edb62516875e,Bola 126,esportes,181.98,97
758923df-a219-4c9d-9490-a5e635ad8c31,Livro Técnico 560,livros,171.26,44
4e6f1343-47a0-4b3d-b6b5-9c42d017ef5c,Notebook 376,eletrônicos,4348.69,109
3469a7a6-6be7-4ddc-b741-b6dc498511ed,História 977,livros,88.81,150
5afb5dcf-7cf6-4d38-9df7-a7b9497e6c95,Cadeira 819,casa,392.64,73
e51fe4bc-3c52-4203-9393-08c007865746,Jaqueta 958,moda,283.9,83
84ec9251-def8-4cc4-b591-3efb071dd9ff,Tênis 274,moda,252.93,69
b7b2707d-2923-4f61-b62e-2369ac5bde03,Smart TV 486,eletrônicos,3205.92,102
88a9b948-2f22-4cbf-a9e0-d63184912773,Infantil 325,livros,25.18,133
63fd32b9-bb91-473d-89b9-3d2bb4ee776e,Lâmpada 697,casa,35.7,45
912b3d5c-b64a-45c2-be85-1e60a59bd7ba,Lâmpada 555,casa,,114
76c9afc7-d5e8-40b2-8a0f-f3a88cdefb68,Lâmpada 416,casa,47.48,37
7b7b4e01-9d05-49e4-9ac4-60820107cf4e,Boné 784,moda,39.92,17
006358a0-3e05-42de-bbd7-bf2360b6e7ec,Smart TV 461,eletrônicos,2655.52,146
48459ff6-b501-4f89-9aec-60374e478527,Sofá 440,casa,2932.47,82
63657514-fd16-4ce4-abc0-58f5af5c96b8,Autoajuda 702,livros,71.33,88
0829d043-7219-4a3d-9c7c-05b21cdfcc96,Smart TV 800,eletrônicos,4899.18,149
9a8be1be-fea8-4cf7-9e0b-3a810f233d3f,Mochila 420,esportes,137.46,0
20b84ee1-d8ff-4268-a4b3-f64755f73d96,Calça Jeans 318,moda,242.41,108
40e172b5-d27c-4a37-980c-aed99156fec0,Caixa de Som 307,eletrônicos,568.95,86
09a5c614-0bd0-4644-ba31-55fc3a407195,Camiseta 767,moda,61.36,14
2da6e77d-746b-4a35-b857-aea22877eabd,Smart TV 634,eletrônicos,2216.53,101
5eb147b0-c187-410e-a6f1-b542307d9f97,Skate 700,esportes,493.47,120
b80857d1-ce1c-4bd9-9bf8-e5741fd72f1e,Panela 904,casa,-277.84,49
cddbf9c0-8cb3-4b79-b317-906e13b114a9,Bola 449,esportes,77.12,79
ecd89386-1858-4463-bf16-2feb0fa56593,Skate 496,esportes,529.13,13
4d0a1a98-5ab0-49b4-b313-6b3484fd5e3b,Infantil 747,livros,57.63,97
4762e4a1-0186-4eb3-b65a-ed908dfd9f9f,Camiseta 975,moda,99.94,97
4a5407b0-308d-4e1c-806e-da6fcab329e7,Tênis 850,moda,402.82,14
47c8a15f-b2a1-41e5-8440-c3ebff5aab1e,Camiseta 271,moda,86.88,131
ee4408ba-d529-4102-8ec7-4f686e831eba,Lâmpada 429,casa,35.8,114
0a6fbc72-4d18-407a-a918-41e0b200984a,Smartphone 732,eletrônicos,2243.33,51
32ff6af7-91ac-4d1b-a5df-692f1f177a39,Tênis de Corrida 768,esportes,529.34,85
92456471-dcbb-4857-b75d-fbe4ec13bd12,Sofá 285,casa,1132.32,51
14d34bf3-1068-41c0-8dca-17bd80385cb9,Panela 595,casa,186.6,18
cfa8392a-ac6f-4cc0-8800-4fe2f00a73c5,Calça Jeans 508,moda,207.51,19
00fde9f9-d54d-4d01-b865-22ab5b0c7940,Tênis de Corrida 534,esportes,483.88,109
e1f071e5-0231-4f33-a085-7be5f8bf589e,Camiseta 666,moda,91.72,98
20d8cc8e-a180-49cb-b91a-bb8e12de0c1d,Caixa de Som 613,eletrônicos,537.53,20
05122df3-1b98-41d8-97f5-e20e77367c69,Lâmpada 549,casa,60.86,4
5363f588-1ff6-4c8d-9875-6163e5ecc6f0,Romance 752,livros,73.13,86
a0ed3151-cfc7-4653-b1fa-d56abd157ec4,Panela 655,casa,212.41,59
cf009d71-1909-43c1-8ad7-3c21d7456189,Liquidificador 656,casa,232.37,72
ee683480-09f9-41df-a59d-fed50bb8e200,Bicicleta 836,esportes,1965.32,116
c6e920f6-9b8e-42f7-a885-5edf4d03e037,Jaqueta 405,moda,165.11,25
b3891d33-3ce1-4fed-b4c8-77e2f2461295,Infantil 950,livros,50.52,36
14a9bc18-93a1-47f7-bbb4-919a4c7dceff,Infantil 357,livros,22.62,54
e4935e32-66cd-4053-8211-deaf2c1db22b,Smart TV 551,eletrônicos,3592.5,78
d35c02b0-a507-4bff-906d-cdbc104c3aaa,Skate 393,esportes,297.87,139
e31e6763-a0c9-493e-a13e-e26f55033bfd,Smartphone 261,eletrônicos,3206.2,74
cad88692-c894-416f-9fe5-803c13636236,Sofá 639,casa,1270.6,138
2a62774a-20b7-45fc-8205-66acd04b1a57,Camiseta 103,moda,66.61,24
ae0864d1-2d0c-44f8-bed5-4159999aa2c0,Bola 587,esportes,148.23,62
366ecd5b-f11f-47bd-aef7-fe1a78744cf7,Camiseta 778,moda,,33
fe4667d9-7e78-4716-b408-71b675a75183,Mochila 325,esportes,213.39,21
e58ca975-9a84-4e97-be6e-b7f4ac670d16,Fone Bluetooth 684,eletrônicos,503.72,79
db0fab73-7595-4ce2-b747-92906e6b4004,Camiseta 439,moda,119.96,79
44d729ce-df7b-4c80-86c3-50bbfa8d9647,Notebook 362,eletrônicos,3938.34,46
8b59ce3f-4518-4401-90c3-f07f45f535c4,Bicicleta 942,esportes,1325.69,128
dea374f6-3ea5-4e60-9c31-d73c57e0079c,Bicicleta 622,esportes,-1346.4,142
0db72ff5-f76e-4ef2-8e02-6bc3744def46,Panela 154,casa,123.1,109
b9865899-f0f1-41e2-9141-3f31a8bf8b64,Liquidificador 537,casa,356.99,94
d8fecb5d-5245-4bfb-8648-60771c8fbcb5,Tênis 488,moda,491.98,71
5cf3ff9d-3809-4245-8ff4-e0c50e9f5b18,Lâmpada 466,casa,35.24,115
49e770ea-7a12-4fc8-8a29-17a284f36ff8,Jaqueta 935,moda,221.59,150
5184e10d-6539-41bb-9335-efd32cd29c68,Panela 643,casa,242.16,55
6cf291f3-e6af-4109-a3a1-4b839166c1e9,Panela 518,casa,83.39,91
de54516c-dc8a-49e3-90f4-ff987526409b,Lâmpada 623,casa,,116
0f3e1025-7f8f-46c4-800b-8579bd516dec,Smartphone 447,eletrônicos,2380.52,19
e5ac8d42-f991-4218-96a6-b612b1a38cad,Skate 684,esportes,343.34,109
9675b023-d1eb-4015-8124-a34a71e2aa34,Fone Bluetooth 127,eletrônicos,642.47,12
11c3feb4-3222-4775-b044-3416cefb56ba,Panela 366,casa,111.73,60
23d5dde2-8354-4619-8af9-c8d4297e349d,Smartphone 723,eletrônicos,2158.34,18
c8bfdab9-b5ba-4639-865c-194b712f0be4,Jaqueta 714,moda,349.33,115
d34f07b2-d7bf-4b74-9074-d7291b6d1881,História 619,livros,60.19,94
668c273e-97dd-447f-9a7d-e0f9ebe9ec84,Autoajuda 582,livros,47.6,98
625cde12-e93d-4753-8236-4c84f6db042c,Skate 869,esportes,550.0,78
517f8efe-2175-4f29-ab47-9a7dd174bcd1,Calça Jeans 189,moda,,70
75074414-386c-436f-8821-9e7c06847b50,Cadeira 145,casa,448.24,109
25464ff7-4d75-4a1a-9456-100f67cf4cb1,Bicicleta 688,esportes,1614.02,52
684c795c-0418-43d4-871c-22ceddf24a28,Fone Bluetooth 706,eletrônicos,713.95,35
7d35dd77-447a-46be-ac4e-6cc077d5d879,Autoajuda 649,livros,62.48,111
f50de432-c045-4e85-ab3b-8314d74ab3e4,Notebook 152,eletrônicos,3771.36,105
eb08d232-bf77-4869-9e6e-e00433364827,Skate 231,esportes,404.46,90
41fe2a58-e508-4aa1-ab3f-ae6aecf32fe9,Jaqueta 299,moda,233.26,11
50173969-df56-4481-91c5-19d2df1f54b3,Sofá 893,casa,1517.25,59
9be26724-ae1c-498c-9626-dc278c7a178d,Skate 167,esportes,401.7,39
278de81f-ca62-497f-8d03-79b087fc1ca0,Caixa de Som 717,eletrônicos,378.4,36
4ec6fe41-0d37-4b7b-9613-07780d0ea0d1,Mochila 663,esportes,101.31,69
ce717773-e504-4e80-8136-ea3c807dc45a,Lâmpada 254,casa,15.28,74
628cb8ad-185f-4ee5-bc23-7991c791a644,Mochila 767,esportes,120.53,129
e25ca750-57f5-47b2-8b2e-7655fdfe1e22,História 923,livros,92.17,141
9bd6e5cb-b316-40a7-80b8-78f3172748ce,Cadeira 669,casa,135.07,143
a98032d9-d7e1-4f0b-9484-ceeb53327b10,Mochila 107,esportes,145.97,78
de166847-5f46-4c74-b35d-1031d10a0dc6,Panela 122,casa,227.11,81
394c52aa-98e3-41f3-946c-2843249cf56d,História 236,livros,109.75,90
0e74bd85-44b4-4e5b-939e-954ed90d2950,Sofá 174,casa,1974.5,88
f355c67e-c866-4a35-9a9e-7a81d44da2dc,Cadeira 279,casa,216.3,66
47acf27b-5a94-4e4f-bea8-fc23157c6264,Romance 573,livros,48.61,84
9dcf0866-0eb1-4a36-8f2f-725164b78ac8,Livro Técnico 543,livros,64.39,26
5e58f082-2120-4785-900b-91250972ca9a,História 793,livros,45.42,36
ffb83342-5c6c-49fd-8044-ceee1510084a,Camiseta 192,moda,89.3,40
43f48de1-408f-4468-a548-3010487c780b,Mochila 213,esportes,143.73,84
e0796dc4-eb08-49cf-8489-8058204833c6,Romance 439,livros,46.78,75
3d2b53c4-de84-4982-b67f-ac3456c420f7,Sofá 132,casa,2067.44,73
f70f818e-9930-4ac7-93ff-c25c23c4dd58,Camiseta 237,moda,61.75,114
0de625cb-c2b8-4de4-9109-6a1beb103dad,Bicicleta 729,esportes,2495.91,144
13553686-e841-4257-a98c-d5713d795935,Boné 279,moda,66.88,49
b756c664-36fd-4e9d-9431-61daa53226b0,Bicicleta 604,esportes,1987.72,80
c54f7838-00b1-4113-aa95-e082b47c5ad5,Camiseta 748,moda,50.57,3
93cfe28e-5dfe-4beb-b3af-18f129a2d58e,Sofá 835,casa,1716.24,114
a7722aef-c7a2-4247-a9bd-9528ace253cd,Tênis de Corrida 251,esportes,286.93,83
0a720f14-6b0a-41f2-88f2-8d6b4b6d3661,Calça Jeans 334,moda,203.66,69
249740a8-8f9f-4fe9-9d82-4a005c4f33ee,Tênis 238,moda,300.85,54
2a13de31-e070-44a2-8ff6-8e4fcfeea67e,Romance 648,livros,44.97,87
565dad0d-ffc3-4099-9f96-d79edf9e1665,Bicicleta 547,esportes,1527.48,34
5a57f4f2-998c-4de8-a785-915e8ae7e578,Lâmpada 352,casa,27.19,150
2cde71da-3419-4493-b75e-ee9ddf994fc0,Camiseta 819,moda,116.61,0
1435a6f6-fd2e-4b62-b776-460e4e64df79,Bicicleta 616,esportes,2113.06,119
4be6c999-e867-40d3-9bfb-060efd1577f6,Bicicleta 601,esportes,1166.48,77
45005762-321a-4d14-b352-fdc3e68c4191,Panela 243,casa,270.96,58
41b8714d-bf10-41e9-9fd7-40aa7598516e,Autoajuda 426,livros,65.23,128
b3cb0b15-5e3e-41f8-b980-ace656d6e24a,Caixa de Som 155,eletrônicos,203.94,138
cf4e9b42-9f5e-4ece-b048-520b7f841895,Skate 753,esportes,328.92,46
86a1657b-a9e1-4398-851e-5bbd27358b4c,Infantil 817,livros,48.22,148
8b7fcc47-3c4a-452d-bd10-25aa6651d167,Tênis 586,moda,480.85,67
4b71b5e0-a789-4572-b506-f266f6be7132,Sofá 227,casa,1388.53,139
6ea53d0e-2d8a-403e-9302-4c6fb95580bf,Fone Bluetooth 100,eletrônicos,524.47,71
20dc17f6-980f-42b0-be21-a4be2970612e,Calça Jeans 662,moda,159.66,103
2f230cd6-663d-4ca5-baf7-28e23a525a9b,Liquidificador 963,casa,101.64,50
a69d12df-9e3c-4039-a7a9-bd69eca59949,Smart TV 511,eletrônicos,1815.01,10
cfe9582c-3b8d-4d51-94db-ca0b5c9831ef,Smartphone 918,eletrônicos,3324.61,47
2402e5aa-fbba-46bf-abf7-ea00dd078bc2,Liquidificador 746,casa,294.66,14
8352b229-bf01-4e36-981f-e54ae75537bb,Smartphone 755,eletrônicos,1772.6,85
61f035ce-5eb0-4503-adf9-2d43b1854edd,Fone Bluetooth 168,eletrônicos,659.79,57
9087469d-90c3-4eab-83d7-982806baeda3,Cadeira 491,casa,120.72,83
ee2c340c-24c1-45f0-b3b4-ffeca822bad2,Notebook 713,eletrônicos,5370.94,74
a53ae24d-9fb8-4cc7-9b9d-fd39b5b85ca7,Livro Técnico 542,livros,111.92,43
7bb5b1ed-f57f-47c8-9ddc-473a68c75d9c,Boné 812,moda,76.32,122
bcd8f9b8-b784-4657-bca9-193282ef4523,Liquidificador 750,casa,190.61,78
accf253d-4dbc-4391-b1d4-c640f3115563,Cadeira 112,casa,143.65,39
10521033-40a9-4feb-824b-3c3c13d575cf,Romance 956,livros,45.63,108
febde515-a2d0-4002-84a7-bd0590b6f163,Panela 461,casa,292.87,59
01594e53-1c85-42d2-9a76-f765ed43e20f,Tênis 672,moda,597.61,143
b0c1f92a-0401-4c63-946a-f7a08640d59e,Caixa de Som 120,eletrônicos,392.46,26
c5769e70-d290-4ac0-a093-ed2fab683e2d,Autoajuda 971,livros,34.37,58
78920734-6648-4a5e-9548-534f25325914,Fone Bluetooth 968,eletrônicos,138.43,61
45e9918b-6bf3-4df1-b59c-195e8d7fc7f4,Cadeira 284,casa,516.05,12
1fabefc0-9c29-495f-a3b7-7b979713dfe3,História 643,livros,59.04,25
c3543f2c-5cb6-4c3b-9d9d-4b66db43d373,Autoajuda 923,livros,98.96,119
2bb2e1ff-dea5-407b-8b99-346ff0eecc0a,Notebook 487,eletrônicos,6959.18,87
90df8f59-648c-4c02-b575-a64edbef89eb,Bola 775,esportes,140.03,16
8df1108e-38d8-4821-bab2-bc6bffd6e7ac,Calça Jeans 988,moda,216.25,63
3216c20f-3a58-4f03-8547-e21e6343d2d1,Sofá 623,casa,2878.41,22
233b2339-15c1-46e3-8015-77b0d020b17c,Autoajuda 532,livros,31.61,51
76603c59-3d71-48c2-8db2-8c358fe766cb,Smartphone 794,eletrônicos,2537.15,11
0dd050f0-3f66-49ef-a077-a711544b9839,Romance 614,livros,69.32,37
91d79214-e1dd-4a6f-a2ce-641d63db610c,Camiseta 556,moda,94.68,8
7db9f340-fb67-4e07-bc59-730ebc014822,Boné 291,moda,42.48,80
9c6cf0f1-044d-43b7-9999-39451ff72762,História 566,livros,105.68,46
89bc5d50-25ad-49f4-b981-32af2ea6727f,Caixa de Som 759,eletrônicos,994.54,11
0e24eac9-e9dc-46d5-983b-d285fd4446cb,Livro Técnico 525,livros,95.75,42
4a7a0ee1-53ec-471d-9c22-c05329630b9c,Bicicleta 524,esportes,,92
b4422b06-85ad-46d8-9a98-14911548ae1b,Lâmpada 367,casa,18.92,126
a48f03a6-a5cd-4631-9d17-6edd897d4f79,Smartphone 446,eletrônicos,1228.13,134
9a9aca93-93c6-4341-9c73-fe80eece5db4,Sofá 889,casa,1212.64,84
fe6dcdbc-34c3-42fe-81be-9ca9ddc8658e,Panela 997,casa,229.91,80
aed3e26e-159a-46d8-bfaf-a7c7c40db520,Livro Técnico 913,livros,158.98,82
3c447b95-500c-4e7a-98ac-990153b002f9,Infantil 940,livros,24.76,43
5d534b5b-bad0-4995-8d4e-67c3e322f8bd,Bola 392,esportes,67.94,61
6f7ae3cc-ae44-4ec3-bac7-8169de77ab1e,Fone Bluetooth 796,eletrônicos,654.1,113
e6885461-de1b-4030-946e-fc946a4e1b7e,Jaqueta 956,moda,169.33,26
d9343ae5-3383-4532-bcdc-0588abdc88d9,História 928,livros,108.95,70
f83e09a6-69be-44c9-ab76-a3fb89e02307,Liquidificador 323,casa,143.0,136
409dfe4c-d8a5-45c8-ad16-408bc13e495c,Caixa de Som 954,eletrônicos,280.55,149
c90e21f2-c8f9-4b4b-8c7d-0baf92a435e9,Smartphone 922,eletrônicos,2753.44,33
0e74603c-60f3-44f2-8c4e-0c3f5e45dce6,Caixa de Som 838,eletrônicos,693.62,119
521f203d-1182-4654-9699-78228ac28fb2,Mochila 852,esportes,135.18,69
a2eda36d-ca9d-43dc-bd7c-21764d352633,Bola 307,esportes,79.52,77
4403a0df-7dff-42fc-aafd-09b30868b28c,Tênis de Corrida 153,esportes,204.4,79
20325657-498b-4f33-b14b-5c37529afae9,Notebook 858,eletrônicos,,58
7f28c3c1-29b7-4991-81c6-4c4988992276,Skate 421,esportes,377.23,18
cf2a4c86-5158-4e2b-a0e8-60ce84ee516c,Skate 642,esportes,799.52,131
bd10c1fa-9fc1-48e1-b11f-b111d86242ee,Fone Bluetooth 739,eletrônicos,584.91,75
625fc247-9dad-4c23-9482-75f69ebbeb35,Camiseta 331,moda,109.55,73
8b68faad-1184-4f5a-8100-19f3ffb701e7,Infantil 525,livros,56.96,45
4bbe6e18-41b9-4c66-afb2-02b2783ade72,Lâmpada 831,casa,37.03,118
dff5bc2a-86f2-460b-ae98-f0347e092fbe,Sofá 108,casa,1068.01,44
2ece5ea3-e8e6-4b69-90f6-158af966de3e,Smartphone 577,eletrônicos,4555.1,7
9e26e6bf-36aa-4843-8c5a-494f6a9a4eb4,Liquidificador 741,casa,268.11,111
6867b714-90e4-4c6e-a7fb-e7c2e718a572,Camiseta 920,moda,107.47,75
78e9ef5f-0fac-46c4-be9f-cb4313947efb,Autoajuda 115,livros,95.23,15
c1834430-0d50-4984-8e5b-fbae1992d2e9,Sofá 788,casa,2558.52,41
febb8544-0c90-4b1b-89a3-3dd755cbb113,Infantil 977,livros,41.16,118
ca55b1cd-6c64-48b7-b574-ba1a10618f09,História 807,livros,,116
3f56f5c7-d26a-4b60-9509-dddf23d223aa,Tênis 756,moda,364.63,119
16fa2894-cc90-40e7-a011-fca446d529ee,Panela 790,casa,138.96,111
a03ea5aa-1c36-449e-97d7-5f4ae7cfb418,Notebook 849,eletrônicos,6347.27,22
fc183825-e9ea-469c-904b-3c29e74b74a8,Lâmpada 823,casa,53.53,69
725db850-ec0b-470f-b8e0-fd7e0f4bd489,Autoajuda 206,livros,65.36,132
8e114271-02e1-429e-803b-2311f0bd41ee,Caixa de Som 480,eletrônicos,225.24,144
2e0a5e70-3051-46da-b28c-840cd6ef434f,Lâmpada 160,casa,44.6,78
84fe5069-48a6-42f2-9288-8bfcd1021153,História 685,livros,57.04,47
8d57969d-0cbe-43e1-ad64-068c5043666f,Lâmpada 850,casa,45.16,111
af235aaf-43a6-4a15-af4c-91009ae107a5,Mochila 716,esportes,246.47,46
4a5eb15f-350f-4c92-8a00-f6f99766981e,Romance 957,livros,47.08,98
af4d4fbf-f1df-4229-b410-ab7d24740a79,Liquidificador 824,casa,318.73,96
1310ae73-c51a-45ca-914a-6416be1c3828,Sofá 952,casa,2810.93,71
22f0d8ef-0b1a-4436-a7df-9001d74d3233,Smartphone 396,eletrônicos,1531.53,118
63c5b861-067b-45ac-8b73-bafecf3c0470,Smartphone 626,eletrônicos,1792.36,41
3af935cc-cadd-410d-ad0f-ed4526dd0406,Autoajuda 700,livros,55.98,51
02c6d738-3bdc-4539-96a3-a8b57b2e6f04,Jaqueta 538,moda,137.33,48
e44698b9-e38e-43cc-b23e-b2acfafe5f7c,Calça Jeans 667,moda,225.77,80
466da564-589f-4594-a56e-6570529b7b99,Bola 878,esportes,165.65,105
e57f71d5-bfaa-4cd7-9383-c0f98bdfc18c,Calça Jeans 520,moda,91.1,145
0214efe8-567c-4a38-bb74-c51966934a09,Bicicleta 884,esportes,1366.09,115
22ff4aa4-c941-48cf-96f5-7051b8a9bacc,Camiseta 520,moda,99.65,51
f0e2db45-01dc-4a2f-8710-f91446a28bc8,Notebook 275,eletrônicos,4424.53,109
d38d4d9b-3259-4b86-8f61-931eb560b651,Mochila 791,esportes,135.28,32
edbbe051-1ea8-4cc9-84a5-10948915e303,Skate 967,esportes,556.49,101
7eac49e8-8ae9-4120-a8d0-f4f176090c5a,Autoajuda 886,livros,95.84,49
f89f6bb3-a7b1-48d8-8588-375423d52560,Camiseta 896,moda,99.95,63
a62bab60-4f90-4dee-bef5-831c5da59796,Bicicleta 123,esportes,,25
d1b24f4f-9ab2-46bb-ac6b-eaea1e84b66e,Livro Técnico 856,livros,171.59,3
4e72cf3f-f65a-4932-bfeb-f0ea014149c5,Sofá 308,casa,2004.45,63
d0802785-ce6c-486e-aa79-24083e0b7525,Tênis de Corrida 358,esportes,233.91,50
650f8d16-faa1-44c2-90ad-8ffbab0d05d1,Smartphone 123,eletrônicos,3491.64,72
b86b88ed-f480-45ba-b1f8-295af2063e48,Boné 906,moda,55.53,65
f6299075-c9bb-484e-9c1b-afd45fde4e65,Romance 642,livros,75.11,30
637068b7-a546-429b-a4be-cfe87666a5d5,Camiseta 781,moda,50.73,58
6e1117b7-a183-4aea-b4ba-cfadb4e5d32c,Fone Bluetooth 683,eletrônicos,126.55,70
6a42fcb4-d11b-48cd-b556-e364d943178e,Calça Jeans 543,moda,147.19,45
f7d4054e-e595-407a-9e77-70ca04bc0e99,História 100,livros,70.33,24
fce4b2b1-7f53-4a09-8afe-1af230843a9d,Boné 923,moda,65.2,83
9429807e-e8ac-4a62-a7d3-85a9c8e01ba1,História 594,livros,,10
66a57569-a6e8-4f52-802c-c8fd31e3c65a,Skate 498,esportes,444.67,98
b3d1b8d6-92cf-4744-b74d-5a87752c7ed4,Smart TV 610,eletrônicos,1899.89,142
e6702110-fed3-4f73-ab70-840229bf1576,Caixa de Som 601,eletrônicos,956.86,59
e70eec8a-2fe4-4baf-ae63-791855dfa3d1,Fone Bluetooth 217,eletrônicos,644.54,107
990498ed-e68c-4b93-9296-1c25cdc312eb,Calça Jeans 192,moda,87.61,146
faed84a9-b59f-4496-8b3f-54e6b7f3be71,Fone Bluetooth 886,eletrônicos,503.4,80
c581a8ff-b6eb-492f-83a9-975bd19dba4d,Bola 332,esportes,-85.69,80
834198de-5aec-4283-8fbe-73c902ffe0bc,História 370,livros,45.37,48
47ef881c-f37d-494e-9e5a-e868cef2620d,Tênis de Corrida 507,esportes,405.33,21
a6b10cb8-bd44-4036-8834-4597d545740d,Camiseta 753,moda,84.3,131
572be5b1-1f7a-4c22-aa67-9d6a3ba473ef,Infantil 280,livros,59.24,50
22014f88-56c8-42ed-afa0-59bb2169effc,Camiseta 912,moda,59.88,32
ee9ea8df-8af1-4863-91df-0b1245996ec7,Fone Bluetooth 354,eletrônicos,119.65,98
5bb145ce-9360-404a-b4da-27a5fe8dc30f,Panela 884,casa,247.83,100
4bd8d3d1-c575-474f-a2eb-034e760a1a87,Jaqueta 390,moda,285.02,84
d1077557-4540-4cc4-a608-67513eb67999,Mochila 484,esportes,278.64,125
b9ceff68-5559-4cb4-86f9-52e87ecbc01f,Bola 622,esportes,67.12,119
1780ba81-0e39-493e-a59c-494d12af5c43,Boné 379,moda,58.36,31
18d24fdd-a3af-44eb-80c5-b28225f50065,Camiseta 399,moda,110.26,101
79f13a9e-9402-4d63-9de7-d5ce68de06c2,Notebook 897,eletrônicos,4245.51,133
a17e6f60-d2d3-49a4-9114-d33bd8fe6e6f,Livro Técnico 672,livros,178.91,116
3aa958af-c345-4deb-b0e1-ef2dd3af8a89,Liquidificador 222,casa,182.61,132
16f28a24-dfea-401d-96d2-3c9721dca4cc,Smartphone 737,eletrônicos,3416.61,135
9923e731-087e-4d75-8b32-7951d0a8717e,Notebook 767,eletrônicos,2374.19,71
00837e07-c5e1-4936-9592-e3ebcb96f71e,Tênis de Corrida 306,esportes,273.69,36
158cb72b-7b71-40e8-a998-b32d2eb7a04a,Fone Bluetooth 531,eletrônicos,571.17,84
4b674ca1-f25a-4df8-8855-17a4887f3843,Livro Técnico 304,livros,163.04,106
9d30702e-be48-4440-b559-b8b11e2ae3a8,Autoajuda 321,livros,60.81,63
2bcbe051-ae3d-40e7-ab4b-bd282b370a46,Notebook 209,eletrônicos,3999.05,68
7797c6a1-c0a9-4bd1-ba02-39157c667dd4,Camiseta 898,moda,,40
b35d0eff-2dd8-4fb7-a7dd-9cc8138d30dc,Tênis 105,moda,364.97,13
d7438d4d-94d6-41d0-a6db-9c4b7153a449,Mochila 414,esportes,102.72,66
04ab3949-5637-401e-9603-03e636842d16,Mochila 781,esportes,153.83,78
0d2b5583-b8c4-4a71-af0d-5b8545e54b45,Calça Jeans 784,moda,132.29,90
464653ef-dd5b-453d-ac2e-9cfa96b195e0,Bicicleta 185,esportes,1721.66,59
463f5ed2-4e34-4ff9-83bb-18b50e6054ed,Lâmpada 334,casa,48.76,130
5b067946-a154-415e-8532-6179b4adca49,Camiseta 364,moda,,100
8d989c2a-3ab6-4f1b-93e6-9392c8046614,Livro Técnico 930,livros,141.78,120
3d02be8f-1a9b-4b78-839d-dba82a5f8aa1,Autoajuda 617,livros,-56.72,60
5bb89fd5-3ddb-4a72-b988-519714854509,Skate 118,esportes,697.41,63
5d1bf8db-2f9d-4e65-bf2e-5ed53dc58dbc,Cadeira 855,casa,503.23,78
f57b7005-652d-406c-b272-df61ff3757d0,Calça Jeans 312,moda,226.03,34
9d284b45-08dd-4af8-91d3-5300f8fcb1da,Skate 405,esportes,286.56,120
52cf04f8-e36d-4ebb-a2d9-8cfe6c429ce4,Tênis de Corrida 196,esportes,212.14,50
1fe3120e-5150-43aa-b0b7-a59ab0957c85,Smartphone 245,eletrônicos,1500.9,150
1f2e5436-fdf2-464c-8db7-e874bcf2b243,História 234,livros,67.68,17
9cab9fa7-8f56-4295-afc2-02627d3e69c9,Lâmpada 598,casa,29.37,81
1be66e2c-0ae3-4853-8526-2cdc0488d88a,Tênis de Corrida 989,esportes,516.39,94
2721703f-af31-49b4-9465-1a1eb2381030,Calça Jeans 554,moda,125.85,108
5d1ea85c-98a3-4633-b6d9-27d36b9f7487,Livro Técnico 583,livros,99.25,90
b3a8782d-1db1-4930-9c22-64e5cc923539,Tênis 796,moda,216.08,60
ee3684a2-c00f-4917-8819-3ca6d9d3246f,Liquidificador 998,casa,395.16,4
d1a1fc95-a122-4420-9962-8ca11c1fc663,Jaqueta 866,moda,,11
2aeed6d2-db63-49c4-a461-1ee3ecb555d8,Boné 598,moda,73.62,126
2fccc445-6cda-4b6b-bb42-2caec6b0ced3,História 438,livros,87.75,6
588650be-7fb7-4d18-9ffe-172fab582010,Boné 496,moda,46.0,35
62de90cf-71fe-465c-b4ec-b6a975f9cc85,Skate 150,esportes,482.32,126
d207b224-7524-4d97-a319-f4e021f77166,Panela 286,casa,126.29,111
360ad60c-0abb-4f38-bc8d-d2be1cb4ccee,Bicicleta 634,esportes,1467.54,37
1c883195-e1ef-4284-aaa0-421d45d5f568,Fone Bluetooth 876,eletrônicos,520.43,35
622db310-2dfd-46cc-8737-18966e7a6711,Bicicleta 121,esportes,830.3,143
cff39024-deb8-4f2b-8d27-3c45e5b23471,Mochila 952,esportes,243.7,138
25241d60-ef36-4ffb-b593-986fa2e7ab70,Bola 624,esportes,,120
c73377ba-4e75-4308-99d4-a44cc550193a,Autoajuda 210,livros,52.12,63
4bf81666-d6bc-4978-85e8-f227c441ae8e,Romance 247,livros,49.28,108
bafc99eb-7cfb-4a6e-8365-79d2830b77c6,Skate 872,esportes,295.08,114
8bdeac9f-5a01-4838-aade-1438f391d4e2,Smart TV 706,eletrônicos,2224.92,14
de109b64-c9e3-4bb7-a3a9-2d2f2b0de12f,Romance 205,livros,54.01,39
9fee52ef-2ee4-4caa-8f90-1e745c7c2e2a,Notebook 556,eletrônicos,3564.15,45
061fdb92-8b3f-4bc5-a21c-e2a9c771fb57,Tênis 932,moda,542.49,87
9b44faaa-a91a-4b7e-b982-52656f372106,Panela 460,casa,154.65,53
e3366109-0349-4042-90a5-165e2ed274a0,Infantil 887,livros,30.08,135
87fb4f66-a91e-4ea9-957a-790ad5b8de56,Tênis 971,moda,160.69,3
246e0410-d4b7-44b9-97ce-4276af2993b7,Sofá 462,casa,1509.31,130
052c7568-f5e7-4b6f-af14-df22ce500ec7,Liquidificador 792,casa,,48
57270db7-e1ac-4938-8f37-876defab1887,Jaqueta 264,moda,126.25,3
95122fc6-0eae-4eb2-b870-5015f441e2cf,Jaqueta 225,moda,100.47,108
83ce0cb3-67d0-49b9-9065-4494bdb1757f,Tênis de Corrida 128,esportes,265.1,74
ea08d93e-ab29-4f1a-95a5-9728ad0431c1,Fone Bluetooth 945,eletrônicos,285.0,101
1498a988-3e35-48c3-941d-627c68544394,Notebook 155,eletrônicos,4391.57,60
bb30211d-cbe7-4961-b4e0-a566b9b052c9,Mochila 793,esportes,281.86,73
058f9583-90dc-4a0b-a84b-a29aa3f9f258,História 524,livros,43.15,147
8924ece0-5b44-4574-8b87-29dd19367809,Fone Bluetooth 115,eletrônicos,137.02,61
ef0026aa-86fe-44ae-8b5c-97d64a8d02fe,História 223,livros,64.58,52
c23655d9-86c8-45ae-93dc-67757587f6c6,Smart TV 395,eletrônicos,2383.98,103
fe768ecd-3622-4fbd-8673-27f8fd9ae846,Sofá 693,casa,1015.74,124
ccc8781c-1ac2-405c-9a0c-3967caadac6a,Camiseta 529,moda,41.55,90
b03bb683-a618-40e1-b5bc-60917207d2af,Romance 300,livros,61.83,144
951c0bf9-5111-4703-aa35-f77c0f10daad,Sofá 463,casa,1791.13,36
905d5656-cd58-481c-b4bd-0dbebf825cd4,Notebook 748,eletrônicos,3384.92,144
5d394dd5-36c4-4c2d-bf60-bd77f1c3b135,Romance 662,livros,79.05,89
a7111674-4289-4154-a93c-3c3f1278907d,Mochila 540,esportes,147.92,123
4e833e81-42f6-4ed2-89a1-5f988e309d41,Smartphone 155,eletrônicos,1971.3,43
071aa517-7ec3-4f46-a216-a449209ec406,Calça Jeans 377,moda,200.73,56
0c831cda-54a0-4fc8-a4c0-d21dfc042e0d,Romance 766,livros,52.2,38
e6b4e5ac-f213-45b4-86f4-7b70ddb783e2,Sofá 503,casa,1172.45,95
4eb8f9d4-5fa8-4382-8a71-38438b210a79,Infantil 100,livros,,52
d9a06526-e4ee-4916-b200-ab48a0441407,Calça Jeans 452,moda,183.55,9
2a9cf8c0-9b35-402a-b725-3ed38cb62d22,Smartphone 927,eletrônicos,1507.21,105
414fc28d-f72f-4b5b-ba51-f2d46ae3f953,Tênis 946,moda,230.65,17
33bb288e-a229-4d20-bb92-6a4faa29a2e1,Camiseta 104,moda,86.88,40
174e1f02-cf50-436d-9313-ba86440bae3e,Autoajuda 970,livros,89.04,78
e78da978-6e36-41c5-b290-0578109059d5,Boné 296,moda,70.79,20
83971595-8484-49e3-98b2-1d2b8fff90b3,Mochila 996,esportes,162.78,82
bf94a035-1407-4245-95a4-89c889b46c48,Smartphone 285,eletrônicos,3791.01,109
42ceeceb-d8bf-4b16-b1e8-a490b604801f,Bicicleta 810,esportes,940.19,46
6b060b21-821d-411a-9be4-5214bac80546,Calça Jeans 653,moda,167.93,102
13efa071-f50c-4c81-a5cd-0bd7cfd092ee,Bicicleta 270,esportes,2482.79,136
74f6c24f-efd4-4b4e-88d3-3aa6a3472506,Livro Técnico 425,livros,98.96,71
cd75e296-78e3-49a3-af5c-b1e03e68e4a3,Skate 912,esportes,508.96,38
19ae5e2a-1a18-4241-bd03-86fd003f3595,Fone Bluetooth 151,eletrônicos,598.09,102
39dbb73f-8390-46aa-84a8-7b5457c81ccf,Infantil 678,livros,35.7,24
51dbf499-9178-4380-bc85-34eb3853a96f,Lâmpada 275,casa,28.49,54
a17a46a7-aa90-43b1-b2d3-2d316fc519f7,Camiseta 123,moda,99.36,74
8c179e1b-bdec-4fef-9aac-469858cef839,Boné 286,moda,67.43,114
8ed038b4-c01f-4126-9741-1cd0508fe568,Calça Jeans 880,moda,223.01,7
c9e0a79c-2312-43b0-be86-a623c2cd581d,Liquidificador 202,casa,271.92,91
85b41698-2fdb-4044-bd7a-ce4f97dff121,Tênis 621,moda,367.44,125
46d47e3e-c580-44b6-a571-91715d628401,Calça Jeans 926,moda,183.61,114
1d18b1dc-cc9b-4f75-a0ac-a6a2348fa23a,Romance 972,livros,,127
d3544dd2-063e-4b23-9631-fadda8cc212d,Jaqueta 525,moda,352.34,57
d56f9df5-b60a-4369-927a-2d1e3d4ae6b4,Bola 914,esportes,132.97,99
967bf5bc-3716-45ae-99ae-064b3cdd73f9,Mochila 820,esportes,170.47,99
ae8aacad-8bd7-4da1-93fd-3bb07e014537,Caixa de Som 929,eletrônicos,365.85,53
62b1ee3d-a711-4900-bdad-3572607bb295,Tênis de Corrida 926,esportes,337.7,59
b85864df-5be9-49fe-800b-6055c24bc5e6,Cadeira 480,casa,545.07,32
58c90bf1-ba20-4f33-83ba-6ab3718167df,Tênis 178,moda,584.94,96
233a7a61-effd-4965-8c00-bd621d2de3bc,História 409,livros,43.83,94
f2db882d-17c9-4c0f-9a5b-63a2104a779f,Liquidificador 495,casa,163.36,113
49d432e9-c5ba-4a56-9d10-42190ce82642,Livro Técnico 547,livros,151.31,62
d2f815f2-4be4-4f82-acc3-10287d2a0df2,Bicicleta 165,esportes,1438.0,108
45faf377-a175-47e6-bbed-17ce6c2dc82d,Tênis de Corrida 880,esportes,,121
a5049bf9-7418-42b3-b2d5-9f08865c3e34,Autoajuda 603,livros,68.03,20
57c8ade4-d564-49e7-8fe1-7da6dee59438,Livro Técnico 988,livros,98.01,148
5107ef96-e84d-4951-af96-c2fbcda7dfdc,Caixa de Som 160,eletrônicos,164.36,47
b881d16e-03f9-4491-9c45-f2ce2440c43d,Tênis 924,moda,,134
39f80802-8c84-4922-a453-65ed14167752,Smartphone 538,eletrônicos,2107.5,103
61069408-f733-4399-be60-3691effeeaaf,Boné 905,moda,64.37,123
5f7caa93-f4a6-43bd-9b3e-943b2ef7138d,Mochila 173,esportes,263.45,69
6062896f-6a95-40c4-8f34-e7be649fc148,Tênis de Corrida 307,esportes,478.09,148
391a15f5-f4af-4166-b53d-c0dc3aee8610,Skate 608,esportes,653.34,138
fd43816d-9137-4442-8297-2497c4f9ed33,Infantil 534,livros,54.86,120
197b8fa8-59a5-408a-bc0a-48e583a41218,Panela 452,casa,72.27,87
058d73fc-5369-4c85-aa86-f9b1af7cbf39,Tênis 876,moda,232.91,130
436eb2c8-3c7e-4af6-907e-a332da4e48c5,Boné 298,moda,-31.42,10
632dea9c-6265-4264-a04d-3b57ca0ebe6d,Bicicleta 104,esportes,1615.41,116
b0afa911-8a3b-4c7f-a81f-0ce6698b0585,Caixa de Som 122,eletrônicos,214.52,104
cea1ae65-68b5-42c5-9b26-f1cfd474c4e8,Lâmpada 984,casa,41.57,86
073fc173-9854-409b-a2a6-b63463fb3a49,Fone Bluetooth 573,eletrônicos,140.61,86
d4444e99-ddb3-48be-82bb-0b3e57d1a143,Cadeira 257,casa,391.25,102
c2d2242a-b3b5-4dd7-8e3a-8dd869c3bccc,Smart TV 851,eletrônicos,1855.79,90
5ebd2b64-0e31-4612-a041-32b7ea0e61b8,Smart TV 221,eletrônicos,3098.29,89
3728eda6-daf3-4361-a747-1deb0ef7bd08,Tênis 266,moda,,122
27560716-0c80-4fd2-aa04-69034e8e1cd7,Liquidificador 242,casa,300.12,115
e3e5ea63-b04e-4468-9ee0-762c5cb6cb5f,Tênis de Corrida 290,esportes,437.73,96
8017f504-d1c1-429a-8826-4f5f15fc573c,Bola 820,esportes,119.35,40
8a5abdb4-7332-47ea-b6b4-131c68753473,Cadeira 272,casa,547.67,50
5dd5c3b3-58b7-448c-9522-2599ff896f95,Smartphone 237,eletrônicos,3551.6,2
23a5cd77-7e8b-4be2-8b6b-7074af26adfb,Autoajuda 620,livros,37.87,44
98a23664-302e-445d-b366-05aa489edd9c,Infantil 751,livros,58.63,68
8f3d9ec2-a315-46a8-b099-e00d09b0964f,Tênis de Corrida 625,esportes,263.89,33
067d5d3b-8f5c-4086-befc-9e34103f74f9,Calça Jeans 236,moda,115.32,103
eaa55d0b-be19-4e11-816b-af0854eaaa79,Bola 838,esportes,141.46,50
7b993307-4ec6-4640-8660-51511ef17714,Bicicleta 200,esportes,1693.58,103
db9e7390-e3a5-4ede-a4d7-024308c55b61,Bola 118,esportes,178.86,133
6e73aecc-b5dc-4ce6-8b73-c5b7a6891125,Notebook 414,eletrônicos,6925.98,62
d6a74fce-a48f-4f6d-a2d8-3d607937f342,Romance 288,livros,33.72,66
a7947fc1-f2c8-4632-beab-fced834215f5,Romance 462,livros,,39
c7f700ca-e4d6-4b91-a15e-745b843631b6,Romance 975,livros,35.12,113
41c3363f-4242-4bfb-b26b-5b102e8f61c6,Fone Bluetooth 504,eletrônicos,269.74,3
444e7246-cfa3-4aad-a279-8d6dee7f0cbb,Infantil 196,livros,38.37,119
89fb92ec-d137-4e90-9683-21e1080ad7bb,Lâmpada 287,casa,47.34,117
0e2b25b1-c2bc-4506-a7c0-d1099b8022da,Panela 313,casa,126.24,6
5161d97b-9a11-4852-a418-daae5869efc1,Notebook 105,eletrônicos,,30
6ba3d605-825d-4993-8d3d-eb0a69514460,Tênis 388,moda,158.79,19
69a4e994-2f2c-4e0a-8ad4-e377fd30209e,Fone Bluetooth 292,eletrônicos,604.33,96
a37e804e-be8c-4590-9f24-15166eef7574,Jaqueta 706,moda,137.8,119
f5349fd3-b7a5-46ee-91fd-33584faf79af,Panela 381,casa,129.97,98
c9205726-97cc-4bdf-a7de-b8f5a0130983,Fone Bluetooth 824,eletrônicos,411.97,76
8606fffa-78fb-4c6e-bbfd-807a83614110,Lâmpada 170,casa,21.49,85
c9281789-37d7-4f27-a371-4e6520c30eb3,Liquidificador 127,casa,172.86,19
62d27325-dac2-4d36-b2bf-ab82ab61acb8,Liquidificador 264,casa,166.99,91
48776f52-9488-45ec-a39b-15d59574e742,Caixa de Som 405,eletrônicos,340.53,120
faae024b-5c07-42e0-b722-52d2483b10cf,Jaqueta 934,moda,120.97,119
b6b16ce3-cc3c-4df2-b904-8eac4bfe5fa4,Bola 261,esportes,147.72,66
20d178c9-b267-4adb-8563-29471219eb0b,Bola 927,esportes,103.47,91
f964d8ef-35c5-4e48-b9f4-9927d92038d0,Romance 540,livros,75.67,19
9932e98a-a3c4-4902-b2e7-78dc62299b6f,Cadeira 973,casa,505.12,77
6646fd00-d2ac-4c0f-aaa7-dda77decfa4b,Bola 323,esportes,169.74,35
7b432edc-17c0-4909-8054-71fdb5ae8679,Mochila 429,esportes,181.02,87
d27328a7-658d-4f42-9e66-21e2f8c6b07d,Smart TV 936,eletrônicos,1965.15,134
ba638563-71ab-45d9-8081-6380a152e26b,Bicicleta 375,esportes,2462.28,143
6a06d470-c755-4296-a4ca-b66ebb6d67c5,Autoajuda 947,livros,51.92,103
5b6e0978-acd4-4f73-aa6a-215bab3cde7e,Smart TV 718,eletrônicos,2886.07,123
d544166f-fa2d-467e-a4f9-c304882f4ce2,Smartphone 370,eletrônicos,4396.2,56
47671975-b78f-4352-979b-ca978c0744f5,Panela 238,casa,196.63,137
0bdd24c0-af5b-4d83-bf57-951d9c465320,Bicicleta 883,esportes,965.99,66
4d1cf669-5199-4b04-813f-1a044a666c01,Romance 790,livros,44.09,46
8e6fce38-5a72-4d7a-87fa-ea53497a5294,Smart TV 713,eletrônicos,1246.12,127
e5e01a2d-01a5-4c5e-8130-bc4979a9061b,Autoajuda 494,livros,89.49,135
60c36430-e3be-45b7-8ecd-e92172e1dd7e,Smart TV 999,eletrônicos,1908.98,137
e8d101d8-b66a-4ba1-90fa-00f61f1f1859,Smartphone 978,eletrônicos,4867.73,45
abf72d4a-3591-43ee-abcb-a59e8c24122f,Fone Bluetooth 572,eletrônicos,,145
553e700a-6b79-4278-84b6-1b7672c8505f,Camiseta 460,moda,57.02,16
cd8b1539-e3af-489b-b14f-94d8ccc25456,Sofá 937,casa,1289.28,32
661aea6e-6f48-44cb-9bab-0ea850ec9360,Livro Técnico 935,livros,,109
fb91f4fc-5be6-4496-a04a-2eab85973d69,Mochila 418,esportes,260.3,146
0b9202aa-94b2-4e1f-97cf-3742963a296b,Smart TV 747,eletrônicos,1411.26,84
aa491db5-e897-4ff7-9d57-cc8218e64c8e,Panela 424,casa,88.85,108
6cdf508b-c1c8-4097-9974-99a1e2beb829,Romance 599,livros,25.05,7
996ef08e-7195-44b2-960e-ecd79c144885,Notebook 837,eletrônicos,4188.99,107
0f386f88-2fd6-450e-96c5-c93cac31bf7f,Tênis de Corrida 222,esportes,298.56,77
f827466a-3f7f-44b0-ace6-7acaf59ab71e,Smartphone 141,eletrônicos,2534.91,16
8a2719b3-f5cf-4af6-b6c9-81831b1fb30b,Cadeira 293,casa,496.72,1
e38c486c-bbd5-4d53-9ecd-00c907d048cb,Calça Jeans 687,moda,133.92,8
b0eb1840-212c-46f6-8981-007c0b91815a,Panela 954,casa,116.2,134
c0293a9c-7a3f-4f14-84fe-f3049d2da56d,Camiseta 816,moda,77.63,31
5f9d8d77-e98a-4d5a-b0f7-376ae115d4db,Infantil 336,livros,26.2,44
b27c2eea-0903-445e-b41d-57d44b4a7d8c,História 963,livros,,82
a604292a-f968-48dc-90cc-4bf9a73149f2,Bola 260,esportes,63.77,20
b36392b1-5caa-483b-8a21-951e914583f7,Bola 165,esportes,129.37,127
d8c272a7-c0c9-4367-96a3-46a00343c9de,Tênis de Corrida 887,esportes,473.16,40
ff574a29-555f-4248-ac01-d0fb56e85fd2,Boné 469,moda,30.85,126
884260b6-8fc8-4021-b1be-ef8c0dd462cd,História 741,livros,57.17,17
8103779d-2730-4afb-bca1-fee9106c5e03,Panela 770,casa,192.47,86
51ec8014-ac84-4ffa-9e18-57c02112a582,Sofá 183,casa,1870.42,129
e58be825-d8b3-44d7-8282-b7a70aa65d23,Caixa de Som 454,eletrônicos,870.37,76
6a390ae4-8493-44ea-81a8-dec9a0b4ffa4,História 380,livros,48.33,40
46423ede-dc10-4ec5-a291-75acf6de205a,Liquidificador 258,casa,227.82,121
65f2a9ea-3c18-4ab3-9e28-0c5fe8a5dcdd,Mochila 217,esportes,121.48,19
798e2498-714e-4427-8c76-61ffb10ead9e,Infantil 938,livros,20.31,80
c67e92fc-87b6-4780-8454-2c1ffa1cf5b4,Boné 582,moda,35.83,108
a3b9275e-648f-485d-b1d0-04a1af4141d0,Smartphone 708,eletrônicos,1957.0,108
ab09866d-c57e-4f50-8221-6a64b8602395,Jaqueta 671,moda,,144
8bee2023-e38c-48d7-905d-01882e23eb3f,Calça Jeans 922,moda,236.19,123
97a5dfd8-20eb-411b-ae69-e0cc3bb08c90,Panela 925,casa,211.05,8
f92f1dc3-a895-4ca8-996e-b55a475949d8,História 785,livros,96.4,36
0455d8cd-f740-4775-ab7f-7dae906182d4,História 127,livros,91.02,14
eea7d3f2-5c2f-4c5f-b693-228c65b024cb,Tênis de Corrida 591,esportes,287.78,2
df9447e0-fff7-4480-9237-a1c7c5a4f295,Skate 418,esportes,574.52,122
4134c7d0-8261-47f7-b72a-75de6fa1274a,Cadeira 266,casa,580.81,116
57455ffc-788e-498e-8d11-a81f21fe99a1,Calça Jeans 384,moda,109.59,148
474fba76-5c7b-4dda-ac7e-0b0e2b48aa5a,Mochila 962,esportes,187.26,140
d789f400-442b-49c9-a56c-7c1e8d468fe6,Bola 575,esportes,130.39,47
f0d1a595-0361-43d1-8955-4cb4abeec0df,História 613,livros,115.73,67
6b3a941c-35f7-4c50-a9ae-ccd8aec68dd1,Romance 355,livros,,94
c8e2ed2c-97b4-491b-a41f-a49fcfc40fa4,Bicicleta 275,esportes,819.31,23
58a60c5a-8ede-42c5-a452-f10665e9a297,Panela 218,casa,182.46,143
373c44ee-5b96-4397-9e86-b3d6ca51789c,Lâmpada 830,casa,67.66,46
d25ac64d-fb53-49b3-a8f8-198417772a73,Fone Bluetooth 108,eletrônicos,672.47,7
cabf04a0-50ca-4971-86fd-0c4ef6f1da80,Bola 284,esportes,72.03,23
3c611e36-3c8f-4ad8-84ca-842b5b155eb1,História 594,livros,48.83,121
aa331196-7462-419a-87e4-e4132ee28f4a,Sofá 786,casa,1412.33,47
98484563-20e6-4a24-9a0c-584a54f664da,Fone Bluetooth 976,eletrônicos,642.17,36
3e1a6d91-8bc1-40d6-8e4d-2dade8ee6049,Mochila 973,esportes,244.89,9
70269198-166b-44d2-ad4b-d52430bba331,Bicicleta 343,esportes,2071.03,63
7a1ea147-0222-4f79-a75e-5ff718445746,Panela 285,casa,190.43,140
78c11493-c71e-482c-b589-a5c667f8df7f,Smart TV 146,eletrônicos,1833.44,61
2084eef7-f0d9-455b-a88c-5e52c7dc1866,Mochila 941,esportes,263.89,86
ec55ccee-6d01-4479-855a-1360931bee65,Tênis 407,moda,587.81,117
94355dea-83fa-4b96-965f-ce22cb0e301d,Notebook 208,eletrônicos,2296.85,24
efad9674-950f-446a-b9ba-d2b352a8102e,Mochila 531,esportes,221.91,62
60454301-8925-4e16-8b09-4497ccb63772,Autoajuda 907,livros,,30
75bbb4e0-4c00-40fe-9c18-0e9074402cfe,História 558,livros,116.99,140
6ec4c268-4fb1-4745-934f-2d3b323ad759,Notebook 412,eletrônicos,4925.22,46
547ed274-99ff-45cd-a966-6e7d14f8051b,Sofá 407,casa,2451.94,129
3046eaef-13c5-4425-87f0-d7f214828d8b,Bola 687,esportes,95.0,149
4e01bf64-4af4-4b00-85f3-ac498fbdb48d,Cadeira 460,casa,175.94,138
f587ad8b-be2b-40b3-b3c9-db48a23c0f83,Lâmpada 141,casa,21.27,104
7e60b971-d586-4c18-9569-c30233344be2,Fone Bluetooth 411,eletrônicos,-226.43,88
cbabfad9-6117-417f-bfab-f5e5c1436aba,Romance 385,livros,25.86,102
cbe87d29-4278-455c-a2a5-ba4c0edc7005,Romance 183,livros,64.43,21
e4d48d9e-f9a7-462d-bc1f-bc0cc3d3847f,Notebook 110,eletrônicos,3453.02,117
5516cb65-8fb0-4659-a7d8-88b87a915efc,Bicicleta 612,esportes,1751.3,95
f0c75cd4-d1cd-471d-a160-cf9e91467160,Calça Jeans 998,moda,137.81,51
4175911d-947a-4c3a-978c-01d0219a9ecc,Tênis 576,moda,410.17,146
8127fd89-120b-4ea0-92bb-b4cd416df217,Cadeira 598,casa,519.81,128
dc07e55c-36c7-4322-992f-535c538d3e54,Boné 751,moda,51.19,63
ed22bd66-7a14-413e-a2f7-928d575d4a4f,Tênis de Corrida 211,esportes,499.4,24
a49a6c86-e9af-44e0-aa6b-e9c48ba799e4,Fone Bluetooth 346,eletrônicos,216.49,13
5b8dbbfd-c38f-4b4f-9ef1-078aa529d2ce,Panela 162,casa,239.5,40
9df490fc-d124-48c4-a67d-54552f0ce76c,Mochila 517,esportes,269.05,110
7babeb5a-007c-4e40-a06c-99368c8225a4,Autoajuda 986,livros,47.99,33
b95417c8-f7e3-4683-aaaa-13063f1a66bc,Jaqueta 215,moda,,59
549a4b67-d3f8-4f81-8008-31eb451d96b2,História 413,livros,51.56,149
f49c77a3-d5bb-4621-8ee6-69610bb84f28,Smart TV 122,eletrônicos,3765.5,80
bfc108d8-e516-43c6-afa5-c1c181f3ed9c,Infantil 608,livros,39.4,24
07b9bffd-5a72-4f64-86c7-bbdb5f762533,Tênis de Corrida 510,esportes,412.58,139
3cfdd627-b09a-4a71-bbfc-10b23a954c12,História 139,livros,-42.33,83
cfbc299a-a760-4771-90ec-9241d3864a25,Tênis 921,moda,156.07,2
7f8d7761-bdc0-438a-aa5b-d7a1a3004d7b,Infantil 182,livros,29.22,78
c35a8794-8f8b-4745-a396-d49a83b2b770,Romance 979,livros,29.88,137
f117bbf8-affc-451c-bd16-5fe08ddd7ab0,Camiseta 141,moda,94.4,75
3e262d6c-3701-41c8-a8f6-ce3b8f50db66,Calça Jeans 204,moda,81.6,102
4ee58b74-5473-4d70-916b-5ea8c9c9c9d7,Tênis 744,moda,272.69,93
e5d30dd8-fce3-496a-b2e6-2c4de1c5e9ab,Smart TV 205,eletrônicos,1675.41,38
db04c664-002e-4de3-bbaf-09136784506d,Skate 942,esportes,680.55,1
3b54fbf2-0ee5-4d14-8a0a-d39a7c520e3d,Bola 803,esportes,81.05,24
ab2164f4-22e4-4db2-81bf-a4c44870d33b,Cadeira 711,casa,135.69,93
c23d418a-843f-44e2-95c1-43fdbecb055d,Bola 733,esportes,69.21,115
5a392333-4392-41bb-b4b7-a86162752ac2,Bola 942,esportes,65.96,119
268e83fa-8c4b-4a87-b9ef-c94d5407d025,Jaqueta 786,moda,369.09,34
b6a7deb3-10fe-4cf7-9008-835248ce6c4f,Skate 189,esportes,507.37,109
544fc33c-d367-4530-a582-feb705d36125,Notebook 290,eletrônicos,2619.92,63
de3c0dea-533a-4615-be63-af160a2933f7,Calça Jeans 801,moda,155.47,51
e6e13ef3-b185-4e47-a477-4ff4428aefec,Smartphone 453,eletrônicos,3494.14,99
5ce83e2f-6bf4-47d4-bd6b-7439defb6298,Fone Bluetooth 116,eletrônicos,682.78,150
a4fc48ea-ebd3-46a8-8269-5879a1e1e13d,Tênis de Corrida 267,esportes,340.16,113
2e66af0e-4520-4137-b53e-c109639cc41e,Jaqueta 687,moda,212.19,137
e8af9c79-716c-4b59-a312-74495c769984,Smartphone 913,eletrônicos,4881.44,65
2fe2d5f3-3561-4898-b071-cb682bfe682a,Infantil 730,livros,28.86,69
41617927-6c63-4fd3-9421-447f43db698c,Jaqueta 827,moda,225.14,3
cd00d28f-3027-4b6b-a295-283d744977c0,Panela 863,casa,143.02,13
c3c92619-3c0e-46fc-8a4e-7513c4774261,Cadeira 532,casa,506.87,20
fd445362-6fd3-433e-be5e-3e4c7c380d08,Lâmpada 727,casa,37.03,78
1906ca5c-e485-46a2-8e8f-a677c1374f2a,Boné 986,moda,69.91,8
22fe7cc7-a0e5-4122-b520-7990bd7d959b,Autoajuda 454,livros,74.57,78
96c56379-eb70-488f-9063-14715853d222,Mochila 308,esportes,117.85,111
4ba24c50-ded7-49dd-abfa-45d7d3a47d0a,Infantil 247,livros,20.54,54
fd3a21ed-060f-4513-96eb-a59899970068,Cadeira 153,casa,490.93,22
df941700-762b-4d23-a7ec-af881b602ae3,Liquidificador 595,casa,203.11,141
864fc08e-b3ae-4df3-b6cf-f59beedd8bd0,Caixa de Som 113,eletrônicos,530.92,121
9b7ce500-af45-452c-9853-69068d298540,Skate 787,esportes,322.74,44
69a65718-1222-4aae-bd22-0448dbdae332,Mochila 981,esportes,195.94,2
87fe28bf-fb18-4818-b103-b7913d065d54,Fone Bluetooth 159,eletrônicos,682.24,9
78ce9445-3efc-46e6-97a2-8b699dd283d0,Fone Bluetooth 457,eletrônicos,568.3,146
8303e51b-496a-49f4-a585-c95b7c58acc5,Mochila 924,esportes,293.57,139
75fbe658-e229-4d5e-bc6b-e19cf2048883,Tênis 968,moda,,48
1bd991e9-c5b3-471d-93a6-2c37b3b0163e,Tênis 469,moda,451.41,138
103f112b-6d7a-456e-95fa-cb8ab3310603,Camiseta 326,moda,118.59,28
7c39524a-42b9-4999-afbc-6a1003a6a884,Boné 972,moda,73.04,108
a03bb159-0a84-485b-9e39-c0123a29de57,Boné 397,moda,78.62,125
ba5e65c2-e2a0-4d82-b49b-a6ae2b54c0c5,Liquidificador 778,casa,396.77,73
f8b2a430-6aad-478c-a3ba-bb514e17f6bf,Mochila 882,esportes,269.99,146
30dc485b-ba20-4672-b592-200cfcbc9c23,História 556,livros,108.35,6
2cc57dca-03c6-4a40-8492-a02429cbc572,Calça Jeans 534,moda,83.26,102
00472e8c-9653-4724-8c71-ae0c05109d21,Romance 687,livros,46.12,148
05929a5b-55ee-4d49-9bcc-42700e682dab,Infantil 204,livros,26.42,11
1c77ed5d-395b-4fdf-8ed8-482f8cb8b183,Bola 514,esportes,124.08,45
da19b910-bb89-4020-85b8-f05f71136740,Skate 222,esportes,567.71,18
b65c9b31-11a9-4629-89d9-a58ddde5afd3,Infantil 466,livros,29.3,71
446e0bac-5c6d-4eb6-b192-80052042e986,Camiseta 751,moda,48.28,96
fd1b2082-b7fa-489b-aae5-cc8171fdb761,Notebook 384,eletrônicos,2962.62,124
67ab91c4-22b8-4d1c-9ea6-43ae09412787,Cadeira 572,casa,451.76,134
37815ae5-1739-49b3-8f8a-0685cc03a03a,Livro Técnico 838,livros,120.36,48
f1bcc512-a720-4d87-a5d2-d62ae28ab121,Boné 482,moda,70.12,55
08dcbc2c-3443-4a28-9149-68d0b7ea9539,Panela 785,casa,87.45,26
3e5eaf61-932c-4bda-91fa-0c42e9a23be7,Jaqueta 609,moda,233.72,135
898f2db7-eac9-4efa-9e46-1a1cbd63b6e9,Liquidificador 844,casa,175.66,43
65108597-2cb7-48be-8ab6-dbeb01eea21e,Smartphone 571,eletrônicos,3043.72,2
7c5672ca-dac9-4b30-9a24-d441eff0f2a6,Tênis de Corrida 600,esportes,449.7,131
e5fc2c70-7d99-4025-957d-f443bf3be769,Panela 109,casa,106.62,4
ac4d9cc6-801a-425e-a923-a4423ef193ad,Sofá 764,casa,2636.85,18
de846779-702e-489a-9f33-52f756fb992b,Smartphone 595,eletrônicos,1089.97,30
0b8760ab-bccd-4231-931e-a07c4fb21af3,Autoajuda 144,livros,74.24,36
ca597167-8508-41ab-8302-492e6d4ce81e,Caixa de Som 787,eletrônicos,202.98,146
93843efb-6679-4f61-b2c9-3e42a91ec8fb,Tênis 552,moda,336.69,18
a24d1960-427a-4218-92fc-8dac51ce82d5,Cadeira 130,casa,135.01,108
1ef4b7ea-8de1-4e61-94a3-66ef1180bd64,Infantil 786,livros,40.53,130
8a2ce8a8-3f4b-40bc-a1f2-e751317860f6,Smart TV 330,eletrônicos,3807.86,150
c8825703-89ad-4dfe-82d1-de7cfc3decd9,Camiseta 499,moda,89.12,144
9cea0b9b-88f8-4664-ad18-6ca7ed07c7c0,Caixa de Som 771,eletrônicos,-312.59,63
b21b563a-eed3-4b0f-8bef-a007921ac2a3,Jaqueta 746,moda,353.22,54
f6cb314a-2143-43e5-bd27-6ddfb1ad624f,Lâmpada 894,casa,55.23,128
18d36bb1-c665-4b03-9552-3da64e9a7815,Camiseta 997,moda,112.71,35
084fb033-8435-451d-a9b8-4a19ffab0b8f,Caixa de Som 172,eletrônicos,508.62,94
5d478e3f-321d-4895-989b-adb356524c50,Caixa de Som 454,eletrônicos,394.06,47
74606697-d8b2-427d-9c5d-85e626b0be74,História 134,livros,,39
17ba3573-1f89-46ef-ab4d-6290f8b1b29d,Mochila 462,esportes,137.23,64
f147c8b9-9afd-4023-8af6-40e91ab8ed35,Autoajuda 948,livros,58.63,81
863c3512-b60b-4a16-8bbb-6851d5903b31,Mochila 737,esportes,272.62,13
131fdb73-351c-40ea-a459-0b0fab7808eb,Fone Bluetooth 402,eletrônicos,234.5,75
68d58e99-1484-4cda-9061-c9042bab7064,Bicicleta 360,esportes,2412.07,78
5e727767-81ab-42e0-a39b-a202b92a036f,Caixa de Som 627,eletrônicos,288.01,139
87d907ba-5d19-4837-a358-b4c84761b1e9,Cadeira 527,casa,412.09,106
46992ab3-07d0-413f-b7c5-624d2aea028b,Cadeira 289,casa,435.08,142
6dcd4ea7-8992-4876-97b8-b69471b8c21b,Liquidificador 788,casa,328.52,70
4507d830-ecac-498b-a8f6-4bb3534b4dc8,Lâmpada 945,casa,26.53,36
4fc5eb69-e68c-4545-b1c8-95441935fc04,Panela 482,casa,,27
a7937cf6-bf37-4560-a209-9ddb7943456f,Skate 510,esportes,680.73,49
77923c5e-c640-4da9-b0cf-0b5ba75ed8a5,Autoajuda 944,livros,67.35,144
376f9ba2-1dbe-428f-b897-243c55d96002,Autoajuda 928,livros,47.23,95
7a170c1f-849c-4635-99df-766021a3abd3,Lâmpada 324,casa,37.45,13
a43975cb-19a9-4fec-8aeb-f2d4cf275f77,Cadeira 158,casa,570.0,63
65c803eb-9be0-463f-925b-ccd89cfcc251,Autoajuda 940,livros,40.23,95
8d3542b6-3ff0-4fad-9f0b-8da42eaa62b9,Tênis de Corrida 112,esportes,473.91,18
dac5ca95-21ce-4b53-90e3-a8c128230541,Boné 436,moda,46.72,79
789ecf94-767d-4976-af70-9b92619c6fb5,Smartphone 126,eletrônicos,2712.25,14
69cd5f81-3f76-43b7-a542-d8ee6a4f20b8,Caixa de Som 834,eletrônicos,193.96,24
35f44d96-f88e-4f6c-8556-f38184e5650e,Tênis de Corrida 474,esportes,459.4,95
43129b31-a98b-45dd-9ee2-e039b0091fc9,Boné 169,moda,51.61,113
66467c57-1724-4321-8a42-5804ec2b9377,Camiseta 800,moda,68.52,136
9c454a86-3019-4005-84ae-3b027a5f4227,Cadeira 136,casa,153.7,71
4bf5cf10-4b8a-48c6-8c5d-ee4c4e011784,Camiseta 100,moda,113.52,102
6689ec85-8dc8-4958-a2d9-39cb334c1b64,Romance 773,livros,54.41,54
cc2a368c-15df-469c-9611-5c2cd97f6031,Mochila 656,esportes,100.38,37
161c2ed2-ce37-4e92-899f-3a056751376b,Lâmpada 797,casa,69.6,82
6cd48c58-3d36-4573-b1db-5b505f7adc84,Lâmpada 263,casa,50.09,111
6de74627-d1f1-4f70-9d5d-195efeaba78c,Mochila 411,esportes,189.44,31
c9a5c9cb-bed5-48d2-845f-1a82566c4713,Bola 370,esportes,91.09,37
e5200ba1-5c3c-412a-98b3-dbb49131d870,Jaqueta 200,moda,386.43,114
5f2a44ac-6ca8-456c-8e23-529f32c6add0,Smartphone 711,eletrônicos,3592.24,44
e364d1cc-fd7f-4185-be9d-f4657804e373,Infantil 483,livros,52.45,128
2723903d-1c43-4be4-9444-b042d32245c3,Smartphone 938,eletrônicos,2276.29,69
67121a77-b244-40de-9ac9-9229eaac0d52,Boné 246,moda,56.28,129
89ec18b0-fde0-49dc-8584-dcb4bdebcf34,Liquidificador 316,casa,194.83,118
4e0eaa9b-8b64-45ce-b07e-b52011097f81,Liquidificador 707,casa,100.46,104
112cf932-3a43-49d6-bf9c-e808cd0033ad,Mochila 163,esportes,178.83,117
b63cddfd-cd49-4e0f-8e30-ae973fe99c30,Autoajuda 234,livros,48.54,17
36542723-3f16-46e4-b824-5b3a04465d77,Autoajuda 532,livros,82.46,41
a01c0c26-54c2-4286-84ef-fe89e64d54ae,Romance 822,livros,32.38,62
6021d581-51be-4717-95a3-e1f22a5a82b9,Notebook 509,eletrônicos,3313.25,52
6db9e217-0849-4208-ab5e-b305d4e0cb28,Boné 403,moda,42.74,148
4cc1ed00-f240-4b2f-b69f-b42441c98410,História 413,livros,110.94,32
e0baadc3-ba64-4150-acc2-dcb976480c04,Jaqueta 828,moda,,56
cd4b87be-b3a5-4140-b466-0b2f622eb4c3,Skate 170,esportes,682.62,103
69e5c5a1-3b24-431d-92ea-d16bb4a36431,Sofá 966,casa,1413.55,130
c4e4595d-bff7-4628-bae3-a0c44d9e6231,Lâmpada 132,casa,50.59,115
e2a0b8e7-ada6-4b0c-aa08-582076b38748,Boné 127,moda,55.67,33
c2b8fde7-920a-49f8-be99-9fb55aff352c,Smart TV 453,eletrônicos,4956.49,62
56709f53-0733-438a-a862-7c4e049497c3,Calça Jeans 253,moda,237.06,106
ebcde4d4-3b19-48b1-8e02-0a0e61e215d2,Livro Técnico 409,livros,100.44,67
f709dd84-7137-4315-b9ab-c54a43dad1c1,Cadeira 417,casa,444.63,141
b35d5bbe-30cf-4272-ab33-1e0d014d5d18,Tênis de Corrida 580,esportes,579.25,108
aadfe936-d782-4498-a7c7-daaba26ffc7c,Bicicleta 348,esportes,2118.49,96
b4a966fa-dd15-49a3-bf20-104aebd446a7,História 955,livros,58.2,130
b7973369-fba9-494e-84b1-e9fd5f27a976,Livro Técnico 610,livros,-166.39,75
8a865875-c2af-4013-872d-1c650d9b0a49,Mochila 877,esportes,187.61,96
b10d27f7-1217-418c-beff-47e1dec38a33,Jaqueta 548,moda,108.82,130
4533ea70-ab73-4926-826d-353fe9b8c298,Notebook 212,eletrônicos,4085.81,20
324f3811-39cf-44eb-aba1-981152d8cfac,História 127,livros,97.59,108
0f0bdfa8-b434-47f1-86aa-91c3114207f0,História 271,livros,56.7,52
2ae941ce-e2df-45f3-9064-fbab317a51a7,Calça Jeans 280,moda,219.07,96
051c185f-cd38-4197-8348-34ebeab2294c,Infantil 194,livros,36.7,131
56f064d8-2a67-4a64-aee5-fa5c2578b6c1,Skate 484,esportes,691.77,137
7750736b-5e6a-4924-ab4f-79bcfad56944,Tênis 754,moda,387.03,20
3fa21db6-400f-4923-a645-9f8ecfa570f9,Cadeira 626,casa,506.03,23
754e4c7e-7966-4a8e-9951-c52068c5e9e0,Tênis 928,moda,448.74,0
fc8506c4-6865-4d89-9937-6bebb8803c7f,Autoajuda 358,livros,33.38,106
8625c207-06eb-45ba-8d03-5290eadc549e,Tênis de Corrida 278,esportes,448.35,103
13ee609b-9a4e-443c-9ba5-c32abb5f3a23,Autoajuda 440,livros,90.49,148
1e108457-b3b2-44ae-8070-e41be4f3b57b,Sofá 167,casa,2037.13,13
ce658ad0-6992-4ebf-877a-ef14d8011a18,Romance 472,livros,78.28,88
ee083e04-0b1d-46a9-977a-03de66bb5d6d,Mochila 283,esportes,195.88,58
ff19b346-ec86-4fcb-b65f-4eace4decc7c,Cadeira 795,casa,484.21,3
7a47b5fe-ad37-4b6a-9c2e-9a040808de25,Bola 656,esportes,67.28,56
e5bc9617-4c46-49df-8aa7-66c607a5b583,Skate 854,esportes,766.88,100
1ea2db30-d42b-46f5-b0ce-dd0879342395,Bola 959,esportes,170.03,13
43d4568b-3a3f-43ed-82e1-fad13f836976,Calça Jeans 556,moda,164.22,133
21ec754f-6fea-45a5-aefe-d4d8762e34f6,Liquidificador 563,casa,392.93,131
e1e30bef-1c9b-4fd8-98c3-2fd36d906e21,Infantil 483,livros,-58.34,130
602417c2-fb3c-46b6-b7e5-efe4ff46df5c,Calça Jeans 508,moda,233.27,89
527a55e7-3445-4cc4-a50e-037050bdc614,Mochila 608,esportes,152.35,131
dc423c4f-b3e0-4c42-b452-e206e4bc9644,Sofá 798,casa,2346.01,89
a60d16d9-e7f9-4c56-af4b-f5b4b8273c8b,Tênis 229,moda,578.17,44
5209c062-0186-46d3-b2f0-ac5982e546cd,Smart TV 420,eletrônicos,3598.82,83
d11704ca-868a-443a-93ab-30ea13aa502f,Caixa de Som 680,eletrônicos,615.08,36
3d509130-8c61-4d66-af65-2dd014d0efa2,Sofá 490,casa,2554.77,131
ecceb3c5-6705-4f32-984e-a5f13ce5a82e,História 840,livros,84.21,142
0fd2dfa7-6260-4dd1-80a2-58e7c454e828,História 155,livros,74.53,21
8580e1ee-f4e9-4c72-b388-af273e5e4702,Cadeira 952,casa,233.5,9
1fc1cf6a-57b5-4624-98db-2f64e8629177,Jaqueta 598,moda,179.39,18
9200f489-8aae-4aca-9316-286a47f15d97,Mochila 378,esportes,282.14,111
4b7f580d-54a9-4b71-af89-813f9f063738,Mochila 646,esportes,168.44,1
951e9b81-9edf-47d0-9552-9d92b75bef10,Infantil 540,livros,59.83,7
5b492d46-c9a5-498d-87c0-c8922e39a3f2,Panela 427,casa,260.73,146
4e470bd1-c44c-4c73-95d3-86bc26d362fe,Caixa de Som 212,eletrônicos,348.39,102
cfeffaf3-39d6-4b62-95f8-c5285b2259d4,Lâmpada 366,casa,43.18,48
a60d39e7-396b-43c7-9903-4f501a1e8dd0,Fone Bluetooth 306,eletrônicos,377.1,94
85b76fc7-26cc-4987-8ed9-6228b6dd274c,Romance 750,livros,62.74,33
4cceb832-ef4f-4fa5-995d-522a57fe7f87,Calça Jeans 225,moda,196.96,73
b0686afa-4d3b-4902-af30-8562a9b1ff03,Cadeira 806,casa,271.2,26
efb61eef-8a3e-42ab-884a-e0ebf028389f,Caixa de Som 901,eletrônicos,352.77,58
af8ad610-6ba5-4bf8-90f1-1e6239f03e5a,Smart TV 473,eletrônicos,2871.92,144
2a4d8598-e946-4c41-ad01-09638efe4ef0,Tênis 720,moda,156.78,80
673fcfea-7a5d-42d2-90e0-f8d58b945e22,Autoajuda 937,livros,94.63,71
cc41ae3e-b7ce-4d97-9018-8515c17ef252,Jaqueta 214,moda,163.3,28
4a372bd5-e87d-431f-b95a-e85ed39bc77a,Lâmpada 384,casa,26.85,12
c28a0a5e-e127-4283-9f65-ce95b82d3fe5,Boné 359,moda,34.73,51
ef5217e8-f8d5-4788-835b-8c569bdce0e1,Smartphone 972,eletrônicos,4532.53,4
ff7bce9a-8cdb-45bf-a229-5221aee544c9,Notebook 872,eletrônicos,3145.91,140
d1a9bce4-6a89-4ba5-bde1-dc534dd16887,Bola 914,esportes,171.05,117
06446fc0-2fd8-45bb-bf25-8e53fa12a955,Infantil 247,livros,41.58,150
facde8c0-545f-4728-ba01-998c2eb38b8e,Infantil 817,livros,21.06,36
e0001f27-b45a-4778-b4ec-c8b2995e53f9,Jaqueta 438,moda,288.45,121
905ed0fa-e7e4-4698-84d3-cbfd1a1dc786,Skate 663,esportes,289.09,114
776d332b-31f0-426d-8c9e-2a658db942d4,História 261,livros,62.16,115
b3808fc3-4ea6-4b0f-a45c-afd4ba50d684,Tênis 407,moda,377.08,58
9fbfa7a5-37cb-4818-969d-00dbe7ce8b90,Smartphone 708,eletrônicos,4269.44,110
5a8a1727-9a45-46d0-bdba-fc69e6e8a046,Lâmpada 659,casa,58.3,97
9754d375-2c17-4fee-93a1-1ea98b95f7d9,Tênis de Corrida 482,esportes,,90
435da638-3ba6-4b69-9ee9-08cf56ce5c0c,Cadeira 501,casa,246.92,61
9c317b3f-90ed-47b8-ac95-d531d2f5cd32,Smart TV 315,eletrônicos,3795.21,101
9236938d-7a30-4990-8528-e5bfd400412a,Mochila 557,esportes,282.17,35
b392175d-fecd-498a-9ac5-4b135b92b30a,Romance 886,livros,73.2,7
2104d22e-9343-481e-a318-2704a61d3fea,Tênis de Corrida 416,esportes,250.29,148
5322b282-402c-47a3-a660-044521b35df4,Fone Bluetooth 589,eletrônicos,763.21,17
88c994c8-31af-4dcd-970e-29cf75e0c9cb,Mochila 838,esportes,145.81,132
b9cb53d8-97fe-4493-8b5e-4b2249b39af6,Bola 558,esportes,87.18,74
1ad91d8f-b089-4e9d-8cd7-d262ec37cd0d,Smart TV 775,eletrônicos,1589.34,34
72b16e22-f723-4d65-8aeb-7b594626b048,Romance 160,livros,58.93,49
a70cfa7f-88a8-4cd6-a7c2-0d99f284ea15,Camiseta 548,moda,42.78,24
4ef97dcc-b530-4a7d-ab1c-ad05b9fe70eb,Bicicleta 197,esportes,1220.36,119
3ef4d7e5-1fab-4f10-a1a5-502215ee7447,Cadeira 934,casa,319.53,47
fb40d52b-1826-441d-bb30-87c4b606e0ea,Caixa de Som 675,eletrônicos,404.43,62
691a2f45-bb3e-44e2-8b34-4916d8dc7192,Sofá 416,casa,2692.46,85
40572b46-3d09-4855-95b9-c8e4a46b5720,Camiseta 537,moda,60.4,88
02041c60-99c2-4943-b749-31c8fc2f15f6,Romance 124,livros,69.76,100
064019ed-01af-47c8-86f5-c95aa7e0498c,Skate 207,esportes,729.48,59
d8d9d309-4601-4c4e-b61c-f1898bba1ea0,Mochila 362,esportes,103.56,68
b29033fa-50a4-4b64-aed4-f520bc17cb4b,Tênis de Corrida 243,esportes,509.96,88
85393e2f-aac1-4514-809f-d17d08a4c13f,Tênis 181,moda,259.51,82
60fcf2bd-d792-4083-8db1-efaac426e090,Caixa de Som 979,eletrônicos,554.43,135
f62d9ab5-38b1-4c5e-9833-9cc594562afe,Smartphone 154,eletrônicos,1679.72,17
dbf4df84-daec-4fda-8540-69899ec5b897,Calça Jeans 464,moda,243.48,49
5eee9a68-4e85-4d25-9a4a-a95fded76a98,Liquidificador 287,casa,134.22,79
6abce5bb-da58-4bdb-91e7-4a3cd7858478,Panela 130,casa,188.75,18
5f4dcabb-c2d9-4915-bafb-a0b5d865802e,Camiseta 361,moda,57.08,72
98338be9-ae2e-4c97-826a-fa37c91e4391,Lâmpada 728,casa,19.21,113
67196342-5bb9-4702-b78b-930828266b56,Camiseta 251,moda,69.64,27
17f03111-3674-41f0-b524-8205f243b3ae,Camiseta 715,moda,86.12,113
318e2de1-08b6-4c45-b79c-db1ce9e6ceae,Autoajuda 920,livros,63.48,26
6fb149c4-12bf-4a5c-b637-1a97be1911a6,Liquidificador 404,casa,240.66,40
276c7701-1805-4057-90b4-982cec1ab4ba,História 888,livros,91.88,112
6bc4c3c6-cf40-4af5-9d1f-bf30826a54e7,Caixa de Som 844,eletrônicos,889.99,96
38daf7e8-dbca-4356-8690-c455a3228a1f,Livro Técnico 956,livros,76.71,137
8212669d-175e-4e37-8dab-3157168bb2af,Tênis 305,moda,427.02,124
dbfaeed1-8ff5-4fee-a031-d6f9d2a64acf,Lâmpada 345,casa,46.85,0
39699292-4131-45ae-a581-639b35acbb27,Bola 605,esportes,68.01,20
923424a5-427f-405c-b01d-48c3c8320e72,Camiseta 431,moda,75.53,44
99205e74-71bf-49e2-abc9-9b8585ecffcb,Liquidificador 765,casa,331.88,71
1e6f2877-612a-49a8-b777-9a3ca5a4f693,Notebook 500,eletrônicos,3329.83,139
f5f32714-8be6-4b13-86da-bf50f47daf5b,Liquidificador 790,casa,365.37,70
bf1f65e8-fc85-4d58-ade2-5df9a77f620f,Smart TV 922,eletrônicos,2394.79,7
6aba88f0-05af-49e9-a681-28824550f8a8,Fone Bluetooth 552,eletrônicos,,81
b6226464-beab-430b-bce6-6b16059e6d38,Skate 240,esportes,551.0,15
c27a7798-d32c-4e80-be0c-484183840ea8,Boné 559,moda,32.29,6
abef15bb-8885-40d8-af91-92dcbd66d4eb,Sofá 155,casa,2084.58,32
3e50319a-ff98-4661-9b66-3cd6230a54b0,Romance 811,livros,74.86,45
d7a01e36-dd15-4070-814e-445d58ba9a61,Mochila 843,esportes,145.58,149
b4662e38-e89e-4066-9042-8d2cc2615907,Jaqueta 599,moda,336.68,109
89c730e0-d3e1-49e2-8051-06abc1f5974c,Smartphone 328,eletrônicos,4610.53,44
c92bae81-ecda-4298-bf92-c1b52bffc41f,Caixa de Som 998,eletrônicos,926.21,17
bc5be401-a80e-4fdb-9e66-6085542f1084,Tênis de Corrida 937,esportes,428.42,16
c33fbe4f-f5d9-4d92-85c0-03721cd3b02b,Mochila 840,esportes,107.06,90
86a28ae3-8c5c-4935-b254-e26cd26c712f,Cadeira 821,casa,420.73,90
592b941a-8ac6-4db5-9e12-ce09019b8cdb,Notebook 273,eletrônicos,2113.25,24
399d33c2-05fe-4ead-b0ca-e5b567551876,Sofá 520,casa,2965.05,88
318cf7a1-29b5-4909-b578-77fc6a2e494a,Panela 303,casa,219.34,68
6a83b8aa-7965-49c9-a572-3df62567e8e2,Mochila 316,esportes,229.43,62
b79b4c2e-428f-48b1-bb4e-ae66af78ce77,Smartphone 338,eletrônicos,1143.06,87
21f4c2b5-2e09-4a43-8c4f-3a3c01b853ce,Notebook 740,eletrônicos,2604.55,95
9e6ea05a-8424-41ef-9476-8f5c68517fce,Smart TV 705,eletrônicos,1851.7,82
803688db-3d27-41e2-8679-cd15918981a1,Sofá 103,casa,2759.9,65
9bf2e94f-acdd-4cee-81fa-ea941c497924,Cadeira 930,casa,493.46,112
95274ff3-7b24-409a-8ead-2d9a45dfffa8,Livro Técnico 590,livros,127.2,120
ba9f4287-cc99-4c62-8f70-f97ea5cfc5ca,Panela 708,casa,,89
1ce766cc-41d9-4e93-a750-79011d941786,Fone Bluetooth 586,eletrônicos,279.68,93
ca0921f3-387a-4256-be46-35be67a5db9a,Liquidificador 889,casa,188.5,69
55a0b2b6-3d59-4ac6-8384-e6717a8e64ec,Infantil 639,livros,43.11,123
b8296e1b-dc20-4e9d-b488-40cf18f5e0ca,Boné 801,moda,74.81,133
ef18e9c3-079e-45cc-a318-c16e3370ff54,Infantil 227,livros,46.28,6
ced011b3-159a-4f63-9561-bb92ce570a9b,Boné 914,moda,78.05,48
c92f1ad6-9c04-4426-8f2e-3eba9e2f38a5,Bola 284,esportes,139.18,57
7d6dbb62-b11c-47e9-aa60-a5d17a40d385,Calça Jeans 417,moda,158.73,43
d703dce6-aa52-4dea-be15-3b0b5c441b2f,Tênis 342,moda,399.05,109
e80e263f-fcbc-46ba-a0a1-dfc770d4e388,Smart TV 477,eletrônicos,3653.66,134
65647b80-65c9-44ea-9351-44735d920a4b,Panela 849,casa,183.43,20
c2b264f6-4a29-47fe-aadf-e546ce1a76ba,Mochila 180,esportes,202.98,141
f92bbc37-2a5d-4fc5-9dcc-5c901fa97dc6,Skate 468,esportes,695.37,131
ac28ab10-3dc5-4a70-9404-cd3bf9bffcf0,Tênis de Corrida 243,esportes,,3
c6bbe702-ec3f-4005-b678-6b91d3b75f85,Panela 936,casa,109.37,141
f6562b5a-eb55-43a8-85f4-81b76f297177,Notebook 235,eletrônicos,5396.66,132
e29626d3-94d2-4cac-b9a6-126c5fb1c601,Autoajuda 440,livros,88.94,55
ee4b7313-edb7-473e-bc26-6e8beaf53b67,Smart TV 617,eletrônicos,1375.35,88
e1c81595-b842-43cb-9f0d-fe8c3aaae4d1,Panela 759,casa,288.2,45
523e8b83-d04c-457d-aac7-17aacb94bb2a,Lâmpada 831,casa,63.54,67
29054bee-0465-49eb-a28f-7f38877c1062,Livro Técnico 327,livros,176.78,65
c52d5bc9-3e9a-4631-bfb4-2fe8992d8744,Bicicleta 321,esportes,1338.84,112
b8846b67-97ae-42a8-b0c8-5ec8e21f68c6,Jaqueta 145,moda,380.36,81
b03114a9-8267-4013-9058-d93d06d0c17d,Boné 445,moda,58.88,127
bff1a0bc-fb3e-4c7b-8afc-2f5ec6ace4ad,Smart TV 877,eletrônicos,2211.79,64
c9cb48bf-a70d-4b41-ae46-94de9923e073,Lâmpada 848,casa,17.12,34
c87fa209-0570-4444-b9dc-cd811c2c583a,Autoajuda 377,livros,85.39,19
531f7387-79a1-4645-9ef9-6db459047894,Lâmpada 742,casa,,140
2a01d65b-2183-414c-8827-4faa31fa6c24,Calça Jeans 737,moda,83.39,84
cceaf1d6-c78a-448b-a55a-51249338c9bc,Sofá 823,casa,1918.77,73
7ac82895-0fea-4d76-92f3-590c3b7794bd,Skate 656,esportes,389.42,29
3819c021-02b2-4394-ad51-7b0822819642,Smart TV 348,eletrônicos,3496.34,146
7c13e84b-4c6e-4485-adb9-766dd10fce1f,Cadeira 465,casa,,80
3c4559bb-0dd4-4bf1-bb47-c36c6ee7cb89,Infantil 486,livros,37.28,147
39fcacf8-99d4-4b0b-a4c8-a216169b2d5a,Romance 430,livros,56.39,143
f2d2db9e-7795-40fa-8365-50ba0712a84c,Romance 260,livros,25.66,104
6458bacd-4d6f-4c1f-9163-1672cb2874d4,Mochila 814,esportes,153.28,54
d780695a-3ce4-4d75-a3f4-94f835a067ba,Cadeira 922,casa,348.05,28
68bd4b03-b0d2-425f-a04b-20878593050c,Cadeira 122,casa,581.75,107
114266cf-fa68-4213-8d61-eac75f39c019,Boné 688,moda,,20
28528ab9-ef27-4517-a3c9-01846928040f,Jaqueta 138,moda,315.62,57
6dfc140c-b3c8-40f2-92be-4376a1f4650c,Calça Jeans 200,moda,176.31,41
43b6a5bf-ac79-40e6-9be8-6f9349f2f0f0,Tênis 310,moda,550.47,116
ea27d3e9-b7a2-45fc-af98-29f51b2997db,Fone Bluetooth 401,eletrônicos,595.43,46
0334626d-1be6-40d8-aad4-262b869946f2,Camiseta 689,moda,91.42,121
a9a3c1d2-dc1b-4040-b28e-da7546b7b59e,Tênis 791,moda,-491.78,54
eb4c4378-244e-45f5-9146-b8d1d32e1eac,Lâmpada 166,casa,55.03,103
28ef025a-3aea-44f5-8130-33dbc1efc59c,Skate 438,esportes,,66
57b7bde4-e183-4d98-89db-df3594caeb9a,Boné 950,moda,52.67,53
cd1ea3fd-132b-4c5b-a182-dd9f57bad125,Calça Jeans 576,moda,84.6,110
28418629-1e04-4463-971d-bd3b741a352d,Tênis de Corrida 784,esportes,428.67,62
d5334612-41fc-43d1-83a6-619d94fb33dc,Tênis de Corrida 118,esportes,487.01,140
08dcbc2c-3443-4a28-9149-68d0b7ea9539,Panela 785,casa,87.45,26
c9281789-37d7-4f27-a371-4e6520c30eb3,Liquidificador 127,casa,-172.86,19
064019ed-01af-47c8-86f5-c95aa7e0498c,Skate 207,esportes,729.48,59
d544166f-fa2d-467e-a4f9-c304882f4ce2,Smartphone 370,eletrônicos,4396.2,56
bfc108d8-e516-43c6-afa5-c1c181f3ed9c,Infantil 608,livros,39.4,24
b3a8782d-1db1-4930-9c22-64e5cc923539,Tênis 796,moda,216.08,60
967bf5bc-3716-45ae-99ae-064b3cdd73f9,Mochila 820,esportes,170.47,99
a24d1960-427a-4218-92fc-8dac51ce82d5,Cadeira 130,casa,135.01,108
19ae5e2a-1a18-4241-bd03-86fd003f3595,Fone Bluetooth 151,eletrônicos,598.09,102
48459ff6-b501-4f89-9aec-60374e478527,Sofá 440,casa,2932.47,82
49b6b449-359c-4e28-96c1-ab7d819ba7d1,Panela 692,casa,-235.19,19
1f2e5436-fdf2-464c-8db7-e874bcf2b243,História 234,livros,67.68,17
eb08d232-bf77-4869-9e6e-e00433364827,Skate 231,esportes,,90
ff574a29-555f-4248-ac01-d0fb56e85fd2,Boné 469,moda,30.85,126
dea374f6-3ea5-4e60-9c31-d73c57e0079c,Bicicleta 622,esportes,1346.4,142
d9a06526-e4ee-4916-b200-ab48a0441407,Calça Jeans 452,moda,183.55,9
178b84d2-a6b4-40ca-be2e-00e7fc69535d,Sofá 502,casa,2889.84,45
56709f53-0733-438a-a862-7c4e049497c3,Calça Jeans 253,moda,237.06,106
2bcbe051-ae3d-40e7-ab4b-bd282b370a46,Notebook 209,eletrônicos,-3999.05,68
103f112b-6d7a-456e-95fa-cb8ab3310603,Camiseta 326,moda,118.59,28
28418629-1e04-4463-971d-bd3b741a352d,Tênis de Corrida 784,esportes,428.67,62
f6562b5a-eb55-43a8-85f4-81b76f297177,Notebook 235,eletrônicos,5396.66,132
eb4c4378-244e-45f5-9146-b8d1d32e1eac,Lâmpada 166,casa,55.03,103
49e770ea-7a12-4fc8-8a29-17a284f36ff8,Jaqueta 935,moda,221.59,150
884260b6-8fc8-4021-b1be-ef8c0dd462cd,História 741,livros,57.17,17
a7111674-4289-4154-a93c-3c3f1278907d,Mochila 540,esportes,147.92,123
7e60b971-d586-4c18-9569-c30233344be2,Fone Bluetooth 411,eletrônicos,226.43,88
1228622a-acf2-4538-ab16-392690f54c31,Romance 884,livros,71.0,6
00472e8c-9653-4724-8c71-ae0c05109d21,Romance 687,livros,46.12,148
66a57569-a6e8-4f52-802c-c8fd31e3c65a,Skate 498,esportes,444.67,98
073fc173-9854-409b-a2a6-b63463fb3a49,Fone Bluetooth 573,eletrônicos,140.61,86
2084eef7-f0d9-455b-a88c-5e52c7dc1866,Mochila 941,esportes,263.89,86
531f7387-79a1-4645-9ef9-6db459047894,Lâmpada 742,casa,30.82,140
9dcf0866-0eb1-4a36-8f2f-725164b78ac8,Livro Técnico 543,livros,64.39,26
a4b11145-2128-42df-ac35-7d8d1b29cf4b,Tênis de Corrida 580,esportes,,81
a1b7d293-e3b1-4457-b218-0cb2eec6a147,Sofá 681,casa,1102.78,51
d4444e99-ddb3-48be-82bb-0b3e57d1a143,Cadeira 257,casa,391.25,102
8e6fce38-5a72-4d7a-87fa-ea53497a5294,Smart TV 713,eletrônicos,1246.12,127
ae0864d1-2d0c-44f8-bed5-4159999aa2c0,Bola 587,esportes,148.23,62
6d86b353-83e7-4563-b141-702985bf4949,História 191,livros,119.35,7
c3183091-b85e-4d85-a6af-6c69f1cfabb8,Jaqueta 823,moda,171.65,39
9d284b45-08dd-4af8-91d3-5300f8fcb1da,Skate 405,esportes,286.56,120
b9cb53d8-97fe-4493-8b5e-4b2249b39af6,Bola 558,esportes,87.18,74
f587ad8b-be2b-40b3-b3c9-db48a23c0f83,Lâmpada 141,casa,21.27,104
6db9e217-0849-4208-ab5e-b305d4e0cb28,Boné 403,moda,42.74,148
2bb2e1ff-dea5-407b-8b99-346ff0eecc0a,Notebook 487,eletrônicos,6959.18,87
7f7f3682-9840-4829-8737-3139a3818389,Calça Jeans 328,moda,157.64,38
dbfaeed1-8ff5-4fee-a031-d6f9d2a64acf,Lâmpada 345,casa,46.85,0
0e2b39a8-b52d-4801-8e71-a2a7e2040b7f,Tênis de Corrida 362,esportes,200.94,6
140e02ce-0ada-4e6a-98be-f0490cec1097,Liquidificador 934,casa,286.52,112
